cdu_id,geo_code,ns-sec_total_persons,ns-sec_1,ns-sec_2,ns-sec_3,ns-sec_4,ns-sec_5,ns-sec_6,ns-sec_7,ns-sec_8,ns-sec_15,ns-sec_1_perc,ns-sec_2_perc,ns-sec_3_perc,ns-sec_4_perc,ns-sec_5_perc,ns-sec_6_perc,ns-sec_7_perc,ns-sec_8_perc,ns-sec_15_perc,biggest_ns_sec
52,95AA     ,52540,5062,11824,6366,7746,4964,6740,7619,1909,310,0.096345641,0.225047583,0.121164827,0.147430529,0.094480396,0.128283213,0.145013323,0.036334222,0.005900266,ns_sec_2_perc
53,95BB     ,77483,7465,16862,10096,12440,7005,10639,10038,2518,420,0.096343714,0.21762193,0.13029955,0.160551347,0.090406928,0.137307538,0.129550998,0.032497451,0.005420544,ns_sec_2_perc
54,95CC     ,58638,4465,11126,5739,12347,4756,7297,9403,3122,383,0.076145162,0.189740441,0.097871687,0.210563116,0.081107814,0.124441488,0.160356765,0.053241925,0.006531601,ns_sec_4_perc
55,95DD     ,63403,6120,12352,5684,10376,6238,10410,9266,2624,333,0.096525401,0.19481728,0.089648755,0.163651562,0.098386512,0.164187814,0.146144504,0.041386054,0.005252117,ns_sec_2_perc
56,95EE     ,31054,2104,4899,2764,6945,2655,4661,5205,1645,176,0.067752946,0.157757455,0.089006247,0.223642687,0.085496232,0.150093386,0.167611258,0.052972242,0.005667547,ns_sec_4_perc
57,95FF     ,48045,4994,9969,5197,9197,3993,5888,6722,1792,293,0.103944219,0.207492975,0.108169424,0.191424706,0.083109585,0.122551774,0.139910501,0.037298366,0.006098449,ns_sec_2_perc
58,95GG     ,276141,32156,52971,32740,17611,20453,43809,43470,23523,9408,0.116447757,0.191825915,0.118562618,0.06377539,0.074067234,0.158647213,0.157419579,0.085184743,0.034069551,ns_sec_2_perc
59,95HH     ,38785,4350,8831,5578,3621,3956,5581,5151,1455,262,0.112156762,0.227691118,0.143818487,0.093360835,0.101998195,0.143895836,0.132809076,0.037514503,0.006755189,ns_sec_2_perc
60,95II     ,66502,10680,17374,9539,6130,5442,8368,6813,1772,384,0.160596674,0.261255301,0.143439295,0.092177679,0.081832125,0.125830802,0.102448047,0.026645815,0.005774262,ns_sec_2_perc
61,95JJ     ,57761,5751,11438,6387,8959,4646,8124,7891,3093,1472,0.099565451,0.198022887,0.11057634,0.155104655,0.080434896,0.140648534,0.136614671,0.053548242,0.025484323,ns_sec_2_perc
62,95KK     ,36711,2262,5545,2705,8640,3234,4842,6945,2321,217,0.061616409,0.151044646,0.073683637,0.235351802,0.088093487,0.131895072,0.189180355,0.063223557,0.005911035,ns_sec_4_perc
63,95LL     ,92513,7977,17412,9899,11172,9105,15652,15844,4761,691,0.08622572,0.188211387,0.107001178,0.120761407,0.098418601,0.169187033,0.171262417,0.051463038,0.007469221,ns_sec_2_perc
64,95MM     ,106500,8460,20804,11104,11899,8656,16341,16798,10928,1510,0.07943662,0.195342723,0.104262911,0.1117277,0.081276995,0.15343662,0.1577277,0.102610329,0.014178404,ns_sec_2_perc
65,95NN     ,68714,6591,15437,7097,13503,5083,8515,8563,3487,438,0.095919318,0.22465582,0.103283174,0.196510173,0.073973281,0.123919434,0.124617982,0.050746573,0.006374247,ns_sec_2_perc
66,95OO     ,57462,4282,9420,4255,11934,4451,8408,10529,3705,478,0.074518812,0.163934426,0.074048937,0.207685079,0.077459887,0.146322787,0.183234137,0.064477394,0.008318541,ns_sec_4_perc
67,95PP     ,61064,4243,10247,5404,13158,5206,9207,9387,3839,373,0.069484475,0.167807546,0.088497314,0.215478842,0.085254815,0.150776235,0.153723962,0.062868466,0.006108345,ns_sec_4_perc
68,95QQ     ,31914,2704,6258,3771,4425,3791,4825,4695,1285,160,0.084727706,0.196089491,0.118161309,0.138653882,0.118787993,0.151187567,0.147114119,0.040264461,0.005013474,ns_sec_2_perc
69,95RR     ,32850,2079,5414,3566,6154,2628,4360,5543,2822,284,0.063287671,0.164809741,0.108554033,0.187336377,0.08,0.132724505,0.168736682,0.085905632,0.008645358,ns_sec_4_perc
70,95SS     ,118525,15147,27158,15146,14778,9503,15616,14441,5819,917,0.127795824,0.229133094,0.127787387,0.124682556,0.080177178,0.131752795,0.121839274,0.049095128,0.007736764,ns_sec_2_perc
71,95TT     ,44822,3649,7577,3177,10736,3839,5082,8257,2267,238,0.081410914,0.16904645,0.070880371,0.239525233,0.085649904,0.113381821,0.184217572,0.050577841,0.005309892,ns_sec_4_perc
72,95UU     ,16907,1250,3014,1283,4014,1287,2268,2439,1259,93,0.073933874,0.178269356,0.075885728,0.237416455,0.076122316,0.13414562,0.144259774,0.074466197,0.00550068,ns_sec_4_perc
73,95VV     ,98922,7547,17593,7509,20550,7797,12434,17002,7745,745,0.076292432,0.177847193,0.075908291,0.207739431,0.078819676,0.125694992,0.171872789,0.078294009,0.007531186,ns_sec_4_perc
74,95WW     ,83141,9760,18839,11650,8048,8187,11889,11247,2939,582,0.117390938,0.226590972,0.140123405,0.096799413,0.098471272,0.142998039,0.135276218,0.035349587,0.007000156,ns_sec_2_perc
75,95XX     ,77475,12002,21578,11380,8187,5991,9269,6421,2244,403,0.154914489,0.27851565,0.146886092,0.105672798,0.07732817,0.119638593,0.082878348,0.028964182,0.005201678,ns_sec_2_perc
76,95YY     ,50872,3746,9241,4202,11626,3718,6165,8055,3871,248,0.073635792,0.181651989,0.082599465,0.228534361,0.073085391,0.121186507,0.158338575,0.076092939,0.00487498,ns_sec_4_perc
77,95ZZ     ,39595,1973,5942,3078,7788,3027,5642,7741,4097,307,0.049829524,0.150069453,0.077737088,0.196691501,0.076449047,0.142492739,0.195504483,0.103472661,0.007753504,ns_sec_4_perc
78,E06000001,91091,6745,16976,8883,8072,10740,15124,16519,7204,828,0.074046832,0.186363087,0.097517867,0.088614682,0.117904074,0.16603177,0.181346126,0.079085749,0.009089811,ns_sec_2_perc
79,E06000002,136156,9579,23095,13272,11831,13913,23563,24059,12071,4762,0.070353124,0.169621611,0.097476424,0.086892976,0.102184259,0.173058844,0.176701724,0.08865566,0.034974588,ns_sec_7_perc
80,E06000003,133929,10657,26258,13067,11587,18527,21767,22610,8371,1085,0.079572012,0.196059106,0.097566621,0.08651599,0.138334491,0.162526413,0.168820793,0.062503267,0.008101307,ns_sec_2_perc
81,E06000004,187959,20569,41586,20625,16689,21165,27577,27564,9875,2295,0.10943344,0.221250379,0.109731378,0.088790641,0.112604345,0.146718167,0.146649003,0.052538054,0.01221011,ns_sec_2_perc
82,E06000005,104111,11588,22977,12438,10428,10073,15716,14992,4937,944,0.111304281,0.220697141,0.119468644,0.100162327,0.096752505,0.15095427,0.144000154,0.047420542,0.009067246,ns_sec_2_perc
83,E06000006,124874,10875,23394,14526,10997,15383,20986,21168,6344,1201,0.087087784,0.18734084,0.116325256,0.088064769,0.123188174,0.168057402,0.169514871,0.05080321,0.009617695,ns_sec_2_perc
84,E06000007,198828,32229,48171,23365,19424,18561,24542,25357,5399,1767,0.162094876,0.24227473,0.11751363,0.097692478,0.093352043,0.123433319,0.12753234,0.027154123,0.008887078,ns_sec_2_perc
85,E06000008,145827,13121,24688,14853,19191,13953,24432,24539,8940,2088,0.089976479,0.169296495,0.101853566,0.131601144,0.09568187,0.16754099,0.168274737,0.06130552,0.014318336,ns_sec_2_perc
86,E06000009,137960,8899,24892,16797,19727,13869,23360,20515,7844,2054,0.064504204,0.18042911,0.121752682,0.142990722,0.100529139,0.169324442,0.148702522,0.05685706,0.014888373,ns_sec_2_perc
87,E06000010,252748,13825,38628,22556,20608,28880,45628,52717,20093,9789,0.054698751,0.15283207,0.08924304,0.081535759,0.11426401,0.18052764,0.20857534,0.079498156,0.038730277,ns_sec_7_perc
88,E06000011,326951,43864,79913,32511,47574,32869,40233,39828,8102,2046,0.134160776,0.244418888,0.099436919,0.145508042,0.100531884,0.123055137,0.121816419,0.024780472,0.006257818,ns_sec_2_perc
89,E06000012,157786,10936,28589,13054,16010,22068,28083,28376,8949,1710,0.069309064,0.181188445,0.082732308,0.101466543,0.139860317,0.17798157,0.179838515,0.056716058,0.010837463,ns_sec_2_perc
90,E06000013,165871,15574,31955,13633,17715,22484,25113,31216,6831,1350,0.093892242,0.19264971,0.082190377,0.106799863,0.135551121,0.151400787,0.18819444,0.041182606,0.008138855,ns_sec_2_perc
91,E06000014,190392,30564,45662,19540,20038,16462,24143,19794,3905,10270,0.160531955,0.239831506,0.102630363,0.105246019,0.086463717,0.126806799,0.103964452,0.020510316,0.053941342,ns_sec_2_perc
92,E06000015,244625,29018,47896,24162,23994,26905,37538,36000,12714,6375,0.118622381,0.195793562,0.098771589,0.098084824,0.10998467,0.153451201,0.147164027,0.051973429,0.026060296,ns_sec_2_perc
93,E06000016,321527,25047,46477,29790,31473,26528,57088,62943,23132,19012,0.077900145,0.144550846,0.092651628,0.097886025,0.08250629,0.177552741,0.19576272,0.071944191,0.059130337,ns_sec_7_perc
94,E06000017,34252,6745,10055,2911,5017,2709,3273,2885,535,122,0.196922807,0.2935595,0.084987738,0.146473199,0.079090272,0.095556464,0.084228658,0.015619526,0.003561836,ns_sec_2_perc
95,E06000018,289738,24254,45708,27025,26712,24540,44337,48731,20977,27401,0.083710111,0.157756318,0.093273923,0.092193637,0.084697209,0.153024457,0.168189882,0.072399892,0.094571647,ns_sec_7_perc
96,E06000019,180595,23362,41592,15326,34427,14993,25177,19910,4640,1162,0.129361278,0.230305379,0.084863922,0.19063097,0.083020017,0.13941139,0.110246685,0.025692849,0.006434287,ns_sec_2_perc
97,E06000020,164440,18713,34068,16497,16398,17732,25744,25982,7350,1955,0.113798346,0.20717587,0.100322306,0.099720263,0.107832644,0.156555583,0.158002919,0.044697154,0.011888835,ns_sec_2_perc
98,E06000021,246075,15602,37630,23201,26295,26022,42576,55231,13609,5904,0.063403434,0.152920857,0.094284263,0.106857665,0.105748247,0.173020421,0.224447831,0.055304277,0.023992685,ns_sec_7_perc
99,E06000022,169977,30082,42618,15895,22259,12637,18316,15619,3466,9078,0.176976885,0.25072804,0.093512652,0.130953011,0.074345353,0.107755755,0.091888903,0.020390994,0.053407226,ns_sec_2_perc
100,E06000023,418814,62582,90252,42687,40835,32584,55413,52023,19568,22846,0.149426714,0.215494229,0.101923527,0.097501516,0.077800647,0.132309331,0.124215045,0.046722411,0.054549275,ns_sec_2_perc
101,E06000024,199225,33198,51153,21660,26630,17056,24526,19109,4270,1620,0.166635713,0.256759945,0.108721295,0.133667963,0.085611746,0.12310704,0.095916677,0.021433053,0.00813151,ns_sec_2_perc
102,E06000025,258207,44282,62715,30883,30951,24838,30105,27572,4340,2518,0.171498062,0.242886521,0.119605588,0.119868942,0.096194139,0.116592501,0.106782543,0.01680822,0.009751866,ns_sec_2_perc
103,E06000026,251100,23973,53000,28696,25237,25295,36610,36509,9392,12361,0.095471924,0.211071286,0.114281163,0.100505775,0.100736758,0.145798487,0.145396256,0.037403425,0.049227399,ns_sec_2_perc
104,E06000027,127908,11280,27739,13616,22163,11649,19229,16912,4320,992,0.088188385,0.216866811,0.106451512,0.173272977,0.091073271,0.150334616,0.132220033,0.033774275,0.007755574,ns_sec_2_perc
105,E06000028,179138,21531,41389,19325,25199,14710,23793,17613,5057,10512,0.120192254,0.231045339,0.107877726,0.140668088,0.082115464,0.132819391,0.098320848,0.028229633,0.058681017,ns_sec_2_perc
106,E06000029,145103,20574,35064,15935,20349,13682,18763,16235,3225,1268,0.141788936,0.241649036,0.109818543,0.140238313,0.094291641,0.129308147,0.11188604,0.022225591,0.00873862,ns_sec_2_perc
107,E06000030,207858,28743,45994,23213,20656,22082,31363,28185,5915,1701,0.138281904,0.221276063,0.111677203,0.099375535,0.106235988,0.150886663,0.135597379,0.028456927,0.008183471,ns_sec_2_perc
108,E06000031,181827,19670,35290,20857,19979,17411,27878,30382,8440,1903,0.108179753,0.194085587,0.114707937,0.109879171,0.095755856,0.153321564,0.167092896,0.046417749,0.010465992,ns_sec_2_perc
109,E06000032,201549,17146,35801,20340,29558,20062,29406,29711,11818,7670,0.085071124,0.177629261,0.100918387,0.146654164,0.09953907,0.145900004,0.147413284,0.058635865,0.038055262,ns_sec_2_perc
110,E06000033,171489,22228,41422,22079,23933,14180,21414,17862,6783,1584,0.129617643,0.241543189,0.128748783,0.139559972,0.082687519,0.124870983,0.104158284,0.039553557,0.009236744,ns_sec_2_perc
111,E06000034,157072,14385,32811,18635,19888,17596,21371,24307,6691,1385,0.091582204,0.208891464,0.118639859,0.126617093,0.112025059,0.136058623,0.154750688,0.042598299,0.008817612,ns_sec_2_perc
112,E06000035,259988,26592,56345,31218,33137,26892,35256,36335,9920,4279,0.102281644,0.216721541,0.120074773,0.127455883,0.103435543,0.135606259,0.13975645,0.038155607,0.016458452,ns_sec_2_perc
113,E06000036,110512,21106,31181,12812,12775,9075,11419,9140,2156,846,0.190983785,0.282150355,0.115933111,0.115598306,0.082117779,0.103328145,0.08270595,0.019509194,0.007655277,ns_sec_2_perc
114,E06000037,150878,32405,40625,15274,19544,11564,14968,13106,2587,792,0.214776177,0.269257281,0.10123411,0.129535121,0.076644706,0.099205981,0.086864884,0.017146304,0.005249274,ns_sec_2_perc
115,E06000038,151330,27469,34772,15510,15497,11151,18876,15804,5817,6419,0.181517214,0.229775986,0.102491244,0.102405339,0.073686645,0.124734025,0.104434018,0.038439173,0.042417234,ns_sec_2_perc
116,E06000039,139697,14430,26539,15461,18866,13523,22108,18854,7510,2377,0.103294988,0.189975447,0.110675247,0.135049428,0.096802365,0.158256799,0.134963528,0.053759207,0.017015398,ns_sec_2_perc
117,E06000040,141065,33595,41749,13856,18736,9592,11231,8876,2631,795,0.238152625,0.295955765,0.098224223,0.132818204,0.067997023,0.07961578,0.062921348,0.018650977,0.0056357,ns_sec_2_perc
118,E06000041,151740,42089,46634,15318,18014,8650,10674,7442,1965,948,0.277375774,0.307328325,0.100948992,0.118716225,0.057005404,0.070344009,0.049044418,0.012949783,0.006247529,ns_sec_2_perc
119,E06000042,246715,39551,59715,29641,26814,20785,29460,29613,8123,2988,0.16031048,0.242040411,0.120142675,0.108684109,0.084247006,0.119409035,0.120029183,0.03292463,0.01211114,ns_sec_2_perc
120,E06000043,266059,41050,72759,28187,37609,15893,26712,19189,8243,16395,0.154289086,0.273469418,0.105942667,0.141355865,0.059734871,0.100398784,0.072123101,0.03098185,0.06162167,ns_sec_2_perc
121,E06000044,200052,22711,41415,21803,22461,17782,25754,25721,7939,14459,0.113525483,0.207021174,0.108986663,0.112275808,0.088886889,0.128736529,0.128571571,0.039684682,0.072276208,ns_sec_2_perc
122,E06000045,228459,24691,42941,22771,24844,20593,32955,33632,9292,16717,0.108076285,0.187959327,0.099672151,0.108745989,0.090138712,0.144249078,0.14721241,0.040672506,0.073172867,ns_sec_2_perc
123,E06000046,133713,14357,30180,14055,22147,12723,19786,15573,4063,826,0.107371759,0.225707298,0.10511319,0.165630866,0.095151556,0.147973645,0.116465863,0.030385976,0.00617741,ns_sec_2_perc
124,E06000047,500288,48344,98915,51521,48072,52652,79632,88611,22578,9951,0.09663234,0.197716116,0.102982682,0.096088653,0.10524338,0.159172317,0.177119979,0.045130005,0.019890543,ns_sec_2_perc
125,E06000048,310591,38803,70500,32699,38978,30874,43477,42496,11133,1622,0.124932789,0.226986616,0.105279934,0.125496231,0.099404039,0.139981519,0.136823024,0.035844567,0.005222302,ns_sec_2_perc
126,E06000049,365065,69451,92838,34566,47963,31854,40589,36645,8255,2891,0.190242833,0.254305398,0.094684508,0.131382083,0.087255694,0.11118294,0.100379384,0.022612411,0.007919138,ns_sec_2_perc
127,E06000050,326236,53161,78042,31030,36716,34459,41109,37103,9237,5375,0.162952586,0.239219461,0.095115193,0.112544293,0.105625989,0.126010005,0.113730551,0.028313859,0.016475803,ns_sec_2_perc
128,E06000051,298183,41103,70503,26832,52005,26761,38395,33663,7201,1697,0.13784488,0.236442051,0.089985009,0.174406321,0.0897469,0.128763209,0.11289376,0.024149599,0.005691136,ns_sec_2_perc
129,E06000054,457954,80925,119317,45775,61950,39661,51856,47181,8711,2571,0.176709888,0.260543635,0.099955454,0.135275595,0.086604768,0.11323408,0.103025631,0.019021561,0.005614101,ns_sec_2_perc
130,E06000055,154536,23249,35721,16589,19337,13235,19351,18881,5232,2940,0.15044391,0.231150023,0.107347155,0.12512942,0.085643475,0.125220013,0.122178651,0.033856189,0.019024693,ns_sec_2_perc
131,E06000056,252120,41616,66160,27417,35358,22727,25670,25521,5515,2133,0.165064255,0.262414723,0.108745835,0.140242742,0.090143582,0.101816595,0.101225607,0.021874504,0.008460257,ns_sec_2_perc
132,E07000004,170651,32127,47371,17687,25129,12896,15952,15356,2912,1211,0.188261422,0.277589935,0.10364428,0.147253752,0.075569437,0.093477331,0.089984823,0.017064066,0.007096355,ns_sec_2_perc
133,E07000005,91871,23786,28559,8115,13922,4609,6348,4778,1300,448,0.25890651,0.310859793,0.088330376,0.15153857,0.050168171,0.069096886,0.052007706,0.014150276,0.004876403,ns_sec_2_perc
134,E07000006,65819,15730,19269,6364,10524,4167,4494,3759,1057,455,0.238988742,0.29275741,0.096689406,0.15989304,0.063309986,0.068278157,0.057111169,0.016059193,0.006912897,ns_sec_2_perc
135,E07000007,168958,33922,44947,15907,24913,11708,16858,14035,4054,2608,0.200771789,0.266024693,0.094147658,0.147450846,0.069295328,0.099776276,0.083067981,0.023994129,0.015435789,ns_sec_2_perc
136,E07000008,107345,29769,24213,8578,9259,6841,10313,9086,2662,6603,0.277320788,0.225562439,0.079910569,0.0862546,0.063729098,0.096073408,0.084642974,0.024798547,0.061511947,ns_sec_1_perc
137,E07000009,83056,14587,20620,7415,12407,7655,9551,8881,1586,353,0.175628492,0.24826623,0.089277114,0.14938114,0.092166731,0.114994702,0.106927856,0.01909555,0.004250144,ns_sec_2_perc
138,E07000010,93934,7302,17075,9059,13667,10816,16392,15736,3449,420,0.077735431,0.181776567,0.096440054,0.145495774,0.115144676,0.174505504,0.167521877,0.03671727,0.004471224,ns_sec_2_perc
139,E07000011,166952,29657,43443,17940,20087,15217,18701,17556,3420,931,0.177637884,0.260212516,0.107456035,0.120316019,0.091145958,0.112014232,0.105155973,0.02048493,0.005576453,ns_sec_2_perc
140,E07000012,146779,38441,39747,13303,18629,10638,12210,10913,1909,985,0.261897138,0.270794868,0.090632856,0.126918701,0.072476308,0.083186287,0.074349873,0.013005948,0.006710769,ns_sec_2_perc
141,E07000026,94970,10153,18851,7083,13795,11515,14724,15137,3181,528,0.106907444,0.198494261,0.074581447,0.145256397,0.121248815,0.155038433,0.159387175,0.033494788,0.00555965,ns_sec_2_perc
142,E07000027,68392,6752,13653,6600,6234,8873,10951,11966,2893,464,0.098724997,0.199628612,0.096502515,0.091151012,0.129737396,0.160121067,0.174961984,0.042300269,0.006784419,ns_sec_2_perc
143,E07000028,106138,10512,21069,10240,13380,11750,17703,16510,3169,1803,0.099040871,0.198505719,0.09647817,0.126062296,0.110704931,0.166792289,0.155552206,0.029857356,0.016987318,ns_sec_2_perc
144,E07000029,69312,8474,13796,5475,6734,10332,10661,10947,2575,314,0.122258772,0.199042013,0.078990651,0.097154894,0.149065097,0.15381175,0.157938019,0.037150854,0.00453024,ns_sec_2_perc
145,E07000030,51613,5938,11022,3835,11930,4919,6209,6525,849,378,0.115048534,0.21355085,0.074302986,0.231143317,0.095305446,0.120299149,0.126421638,0.016449344,0.007323736,ns_sec_4_perc
146,E07000031,100514,14924,24902,8274,18816,9664,11886,10104,1453,487,0.148476829,0.247746583,0.082316891,0.187197803,0.096145811,0.118252184,0.10052331,0.014455698,0.004845096,ns_sec_2_perc
147,E07000032,121167,15815,25740,10222,15069,13714,16665,19820,3530,586,0.130522337,0.212434079,0.084362904,0.124365545,0.113182632,0.137537448,0.163575891,0.029133345,0.0048363,ns_sec_2_perc
148,E07000033,75251,6298,13158,6475,7916,9546,11933,16119,3382,417,0.08369324,0.174854819,0.086045368,0.105194615,0.126855457,0.158575966,0.214203134,0.044942924,0.005541455,ns_sec_7_perc
149,E07000034,102681,10394,21401,11259,11042,10745,16415,16578,4159,680,0.101226128,0.208422201,0.109650276,0.107536935,0.104644481,0.159864045,0.161451486,0.040504085,0.006622452,ns_sec_2_perc
150,E07000035,69562,12626,16563,5062,12843,5952,7169,7791,1230,320,0.181507145,0.238104137,0.072769616,0.184626664,0.085563957,0.103059141,0.112000805,0.017682068,0.004600213,ns_sec_2_perc
151,E07000036,110939,12860,23234,11428,12376,13425,15558,17402,3815,834,0.115919559,0.209430408,0.103011565,0.111556801,0.121012448,0.140239231,0.156860978,0.034388267,0.007517645,ns_sec_2_perc
152,E07000037,89867,13815,21009,8401,12557,9070,11505,10397,2221,886,0.153727175,0.233778806,0.093482591,0.13972871,0.100926925,0.128022522,0.115693191,0.0247143,0.009859014,ns_sec_2_perc
153,E07000038,98240,11901,21855,9527,13246,10109,13348,15155,2693,406,0.121142101,0.222465391,0.096976792,0.134833062,0.102901059,0.135871336,0.154265065,0.027412459,0.004132736,ns_sec_2_perc
154,E07000039,93133,13979,21520,8517,11293,10606,11835,12569,2116,694,0.150097173,0.231067398,0.091449862,0.121256697,0.11388015,0.127076332,0.134957534,0.022720196,0.007451709,ns_sec_2_perc
155,E07000040,129528,18663,32701,13410,24293,10676,15223,11676,2298,573,0.144084677,0.252462788,0.103529739,0.187550182,0.082422333,0.117526712,0.090142672,0.017741338,0.004423754,ns_sec_2_perc
156,E07000041,111808,15006,24783,13038,11598,9161,14359,12910,2789,8158,0.134212221,0.221656769,0.116610618,0.103731397,0.081935103,0.128425515,0.115465799,0.024944548,0.072964367,ns_sec_2_perc
157,E07000042,76866,9898,17265,6688,15719,6681,9395,9316,1570,328,0.128769547,0.224611662,0.08700856,0.204498738,0.086917493,0.122225691,0.121197929,0.020425155,0.004267166,ns_sec_2_perc
158,E07000043,91592,9311,20176,8160,18970,8721,12840,10932,1923,556,0.10165735,0.220281247,0.08909075,0.207114158,0.095215739,0.140186916,0.119355402,0.020995283,0.006070399,ns_sec_2_perc
159,E07000044,81805,13659,21553,6898,17314,5909,8063,6436,1503,464,0.166970234,0.263468003,0.084322474,0.211649655,0.072232749,0.098563657,0.078674898,0.01837296,0.005672025,ns_sec_2_perc
160,E07000045,121337,16135,30646,12007,21263,10255,15112,12979,2397,542,0.132976751,0.25256929,0.098955801,0.17523921,0.084516677,0.124545687,0.106966548,0.019754898,0.004466898,ns_sec_2_perc
161,E07000046,62887,5482,12510,4915,14937,6016,9074,7986,1734,231,0.08717223,0.198928236,0.078156058,0.237521268,0.095663651,0.144290553,0.12698968,0.027573266,0.003673255,ns_sec_4_perc
162,E07000047,51914,7989,12137,4276,11415,4173,5885,4862,982,195,0.153889124,0.2337905,0.082366992,0.219882883,0.080382941,0.113360558,0.093654891,0.018915899,0.003756212,ns_sec_2_perc
163,E07000048,47298,6713,12174,5428,7822,4114,5850,4158,863,173,0.141929891,0.257389319,0.114761724,0.165376972,0.086980422,0.123683877,0.087910694,0.018246015,0.00365766,ns_sec_2_perc
164,E07000049,86193,15373,23310,9495,13953,6800,8799,6785,1276,402,0.178355551,0.270439595,0.110159758,0.161880895,0.078892718,0.102084856,0.078718689,0.014803986,0.004663952,ns_sec_2_perc
165,E07000050,65572,9326,16755,5705,11846,5796,7161,7563,1154,266,0.14222534,0.255520649,0.087003599,0.180656378,0.088391387,0.109208199,0.115338864,0.017598975,0.00405661,ns_sec_2_perc
166,E07000051,44334,6031,10905,4374,7333,4702,5289,4657,871,167,0.136035548,0.245973745,0.098660171,0.165403528,0.106058556,0.119298958,0.105043533,0.019646321,0.003766861,ns_sec_2_perc
167,E07000052,96596,14750,25027,8786,17843,8303,10794,8892,1756,445,0.152697834,0.259089403,0.090956147,0.184717794,0.08595594,0.111743758,0.092053501,0.018178807,0.004606816,ns_sec_2_perc
168,E07000053,63373,6833,14983,7036,8402,6880,9200,7728,1853,458,0.107821943,0.236425607,0.1110252,0.132580121,0.108563584,0.145172234,0.121944677,0.029239582,0.007227053,ns_sec_2_perc
169,E07000061,96968,10425,23994,11737,13808,8468,13311,10091,3002,2122,0.107509694,0.247442455,0.121039931,0.142397492,0.087327778,0.13727209,0.104065259,0.030958667,0.021883508,ns_sec_2_perc
170,E07000062,88562,7434,19662,10238,13580,7660,13968,10370,4564,1079,0.083941194,0.222013956,0.115602629,0.153338904,0.086493078,0.157720015,0.11709311,0.051534518,0.012183555,ns_sec_2_perc
171,E07000063,95880,14854,25126,10725,16084,7323,10496,8703,1952,614,0.15492282,0.262056738,0.111858573,0.167751356,0.076376721,0.109470171,0.090769712,0.020358782,0.006403838,ns_sec_2_perc
172,E07000064,88149,11924,22060,9653,17371,7053,10263,7018,2365,436,0.135270962,0.250258086,0.109507765,0.197064062,0.080012252,0.116427866,0.079615197,0.026829573,0.004946171,ns_sec_2_perc
173,E07000065,146039,24904,40013,14836,28019,10507,14268,10505,2399,579,0.17052979,0.273988455,0.101589301,0.191859709,0.071946535,0.097699929,0.07193284,0.016427119,0.003964694,ns_sec_2_perc
174,E07000066,173372,21564,38409,21404,23904,16192,22427,21632,6727,1099,0.124379946,0.221540964,0.123457075,0.137876935,0.09339455,0.129357682,0.124772166,0.03880096,0.006338971,ns_sec_2_perc
175,E07000067,145463,20010,35169,15651,22155,13518,18094,16251,3855,755,0.137560754,0.241772822,0.107594371,0.152306772,0.092930848,0.12438902,0.111719131,0.026501585,0.005190323,ns_sec_2_perc
176,E07000068,72789,15529,20961,8930,10639,4553,5912,4495,1440,330,0.213342675,0.287969336,0.122683372,0.146162195,0.06255066,0.081221064,0.061753836,0.019783209,0.004533652,ns_sec_2_perc
177,E07000069,87385,9669,18978,11129,15084,9198,10728,10053,2247,292,0.110648281,0.217176861,0.127355954,0.172615437,0.10525834,0.122767065,0.115042627,0.025713795,0.003341535,ns_sec_2_perc
178,E07000070,166182,31366,45580,20305,21303,12540,16908,13231,3624,1319,0.18874487,0.274277599,0.122185315,0.128190779,0.075459436,0.101743871,0.079617528,0.021807416,0.007937081,ns_sec_2_perc
179,E07000071,167080,24896,42700,18441,20787,13630,20689,15832,4609,5489,0.149006464,0.255566196,0.110372277,0.124413455,0.081577687,0.123826909,0.094757003,0.027585588,0.032852526,ns_sec_2_perc
180,E07000072,123623,19957,31110,14394,24068,8686,11013,9943,3300,1144,0.161434361,0.251652201,0.116434644,0.194688691,0.070262006,0.089085364,0.080430017,0.026694062,0.009253941,ns_sec_2_perc
181,E07000073,81551,7419,17292,9819,9967,8438,12003,12572,3257,771,0.090973746,0.212039092,0.120403183,0.122217999,0.103468995,0.147183971,0.1541612,0.039938198,0.009454207,ns_sec_2_perc
182,E07000074,61097,9474,15351,5911,11141,5307,6708,5705,1264,229,0.155064897,0.251256199,0.096747794,0.182349379,0.086861875,0.109792625,0.093376107,0.020688414,0.003748138,ns_sec_2_perc
183,E07000075,82736,12556,21563,11208,13121,7385,8416,6812,1409,266,0.151759814,0.260624154,0.135467028,0.158588764,0.089259814,0.101721137,0.082334171,0.017030072,0.003215045,ns_sec_2_perc
184,E07000076,135867,11172,26857,14839,21636,14241,21873,18726,5748,767,0.082227472,0.197671252,0.109217102,0.159243967,0.104815739,0.160988319,0.137825962,0.042306079,0.005645227,ns_sec_2_perc
185,E07000077,78295,16551,22250,7090,13539,5224,6638,5602,1152,248,0.211392809,0.284181621,0.090554952,0.17292292,0.066722013,0.084781915,0.071549907,0.014713583,0.003167508,ns_sec_2_perc
186,E07000078,112148,19596,30149,12873,12365,7848,13006,9632,2881,3788,0.174733388,0.268832257,0.114785819,0.11025609,0.069978956,0.115971752,0.085886507,0.025689268,0.033776795,ns_sec_2_perc
187,E07000079,81319,15505,21076,6319,14533,6203,8419,6953,1454,857,0.190668847,0.259176822,0.077706317,0.178715921,0.076279836,0.10353054,0.085502773,0.0178802,0.010538742,ns_sec_2_perc
188,E07000080,80040,9894,17480,7146,13917,7817,11042,10404,1942,398,0.123613193,0.218390805,0.08928036,0.173875562,0.097663668,0.137956022,0.129985007,0.024262869,0.004972514,ns_sec_2_perc
189,E07000081,119955,13749,27336,14574,11846,12297,19274,15436,4139,1304,0.114617982,0.227885457,0.121495561,0.098753699,0.102513443,0.160676921,0.128681589,0.034504606,0.010870743,ns_sec_2_perc
190,E07000082,111503,20069,28731,9492,16891,9642,13168,10980,2043,481,0.179986189,0.257670197,0.085127754,0.151484713,0.08647301,0.118095477,0.098472687,0.018322377,0.004313785,ns_sec_2_perc
191,E07000083,81053,14164,21601,9238,10743,7094,9467,6989,1420,335,0.174749855,0.266504633,0.113974807,0.132542904,0.087522979,0.116800118,0.08622753,0.017519401,0.004133098,ns_sec_2_perc
192,E07000084,166468,33504,43583,18921,18029,14226,18202,16016,3077,889,0.201263907,0.261810078,0.113661484,0.108303097,0.085457866,0.109342336,0.096210683,0.018484033,0.005340366,ns_sec_2_perc
193,E07000085,113394,23731,32670,10040,17049,8443,10779,8160,1944,575,0.209279151,0.288110482,0.08854084,0.15035187,0.074457202,0.09505794,0.071961479,0.017143764,0.005070815,ns_sec_2_perc
194,E07000086,124266,21123,32967,13947,15494,11923,13843,11913,2262,793,0.169982135,0.265293805,0.112235044,0.124684145,0.095947403,0.11139813,0.095866931,0.018202887,0.006381472,ns_sec_2_perc
195,E07000087,110125,20842,32150,12737,12719,9970,10829,8754,1524,591,0.189257662,0.291940976,0.115659478,0.115496027,0.090533485,0.098333712,0.079491487,0.01383882,0.005366629,ns_sec_2_perc
196,E07000088,81766,9049,20281,9555,8230,9423,11398,10852,2366,611,0.110669471,0.248037081,0.116857863,0.100653083,0.1152435,0.139397794,0.132720202,0.028936233,0.007472544,ns_sec_2_perc
197,E07000089,89369,23552,27642,8916,11009,6081,6278,4560,984,347,0.263536573,0.309301883,0.099766138,0.123185892,0.068043729,0.070248073,0.051024404,0.011010529,0.003882778,ns_sec_2_perc
198,E07000090,119422,15749,26511,12384,16859,11937,16616,14706,4008,646,0.131876874,0.221994272,0.103699486,0.141171643,0.099956457,0.139136842,0.123143139,0.033561655,0.005409389,ns_sec_2_perc
199,E07000091,173491,26226,44711,18255,25844,17442,19887,16799,3494,833,0.151166343,0.257713657,0.105221597,0.1489645,0.100535474,0.114628425,0.09682923,0.020139373,0.004801402,ns_sec_2_perc
200,E07000092,91890,13129,23164,11438,9944,9428,12196,9779,2156,652,0.142877353,0.252084013,0.124474916,0.108216346,0.102600936,0.132723909,0.10642072,0.023462836,0.00709544,ns_sec_2_perc
201,E07000093,114478,23066,30290,11351,14585,9916,11931,11043,1794,502,0.201488496,0.264592323,0.099154423,0.127404392,0.086619263,0.104220898,0.096463949,0.015671133,0.004385122,ns_sec_2_perc
202,E07000094,111542,28379,32281,9379,14378,6622,8938,7088,1613,2863,0.254424342,0.289406681,0.084084919,0.128902118,0.059367772,0.080131251,0.06354557,0.014460921,0.025667462,ns_sec_2_perc
203,E07000095,93267,10762,20112,11887,16267,8185,11110,11339,2971,634,0.115389152,0.215638972,0.127451296,0.174413244,0.0877588,0.119120375,0.121575691,0.031854783,0.006797688,ns_sec_2_perc
204,E07000096,142845,26193,39068,15809,19319,10602,14597,12961,3320,976,0.183366586,0.273499247,0.110672407,0.135244496,0.074220309,0.102187686,0.090734712,0.023241976,0.006832581,ns_sec_2_perc
205,E07000097,135762,29236,38907,13880,19554,9858,11151,10332,2166,678,0.215347446,0.286582402,0.10223774,0.144031467,0.072612366,0.082136386,0.07610377,0.015954391,0.004994034,ns_sec_2_perc
206,E07000098,98478,18554,26299,11447,15717,6331,9166,7253,2389,1319,0.188407563,0.267054571,0.11623916,0.159599098,0.064288471,0.093076626,0.073650968,0.024259225,0.013393854,ns_sec_2_perc
207,E07000099,125817,25991,34107,12940,15445,9623,13175,11165,2718,653,0.206577807,0.271084194,0.102847787,0.122757656,0.0764841,0.104715579,0.088739995,0.021602804,0.005190078,ns_sec_2_perc
208,E07000100,139058,39257,43829,12776,15929,7041,9492,7455,2288,990,0.282306663,0.315185031,0.091875333,0.114549325,0.050633549,0.068259287,0.053610724,0.016453566,0.007119332,ns_sec_2_perc
209,E07000101,83405,10482,19446,9958,10078,8229,11677,9976,2812,738,0.125675919,0.23315149,0.119393322,0.120832084,0.09866315,0.140003597,0.119609136,0.033715005,0.00884839,ns_sec_2_perc
210,E07000102,86324,17958,24351,9286,13145,5707,7654,5995,1687,535,0.208030212,0.282088411,0.107571475,0.152275149,0.066111394,0.088665956,0.069447662,0.019542653,0.006197581,ns_sec_2_perc
211,E07000103,89565,14228,22767,10439,11965,7086,10773,8579,2552,1173,0.158856696,0.254195277,0.116552225,0.13359013,0.079115726,0.12028136,0.095785184,0.028493273,0.013096634,ns_sec_2_perc
212,E07000104,106830,18636,25981,11398,12472,7860,11625,9900,2484,6468,0.174445381,0.243199476,0.106692877,0.116746232,0.073574839,0.108817748,0.092670598,0.023251896,0.060544791,ns_sec_2_perc
213,E07000105,116993,16575,28250,11843,17957,11524,14646,12089,3274,827,0.141675143,0.241467438,0.101228279,0.153487816,0.09850162,0.125186977,0.103330969,0.02798458,0.007068799,ns_sec_2_perc
214,E07000106,142562,19192,34396,14301,19434,11290,16544,13193,3891,10308,0.134622129,0.241270465,0.100314249,0.136319636,0.079193614,0.116047755,0.092542192,0.027293388,0.072305383,ns_sec_2_perc
215,E07000107,96376,11607,22589,13116,13018,9691,11900,10814,2804,829,0.120434548,0.234384079,0.136091973,0.135075122,0.10055408,0.123474724,0.112206358,0.02909438,0.008601727,ns_sec_2_perc
216,E07000108,109462,10920,25290,12440,14801,11551,16496,13280,3986,689,0.099760648,0.231039082,0.113646745,0.135215874,0.105525205,0.1507007,0.121320641,0.036414463,0.006294422,ns_sec_2_perc
217,E07000109,100976,10777,21222,10659,13980,10617,14078,14760,4069,807,0.106728331,0.210168753,0.105559737,0.13844874,0.105143797,0.139419268,0.146173348,0.040296704,0.007991998,ns_sec_2_perc
218,E07000110,152445,23048,40155,16962,21760,12596,16945,15974,3748,1252,0.151188953,0.263406474,0.111266358,0.142740005,0.082626521,0.111154843,0.104785332,0.024585916,0.008212798,ns_sec_2_perc
219,E07000111,113622,23532,30967,12182,17586,7805,10380,8482,2190,495,0.207107778,0.27254405,0.107215152,0.154776364,0.068692683,0.091355547,0.074651036,0.019274436,0.004356551,ns_sec_2_perc
220,E07000112,106151,11295,25049,12011,15732,10441,14718,11997,3993,899,0.106405027,0.235975167,0.113150135,0.148203974,0.098359884,0.138651544,0.113018248,0.037616226,0.008469068,ns_sec_2_perc
221,E07000113,133380,13846,28286,14651,18731,14018,17974,19523,5506,843,0.103808667,0.212070775,0.109844055,0.140433348,0.105098216,0.134757835,0.14637127,0.041280552,0.006320288,ns_sec_2_perc
222,E07000114,131755,11027,28085,14201,20113,12790,20246,16966,6808,1495,0.083693218,0.213160791,0.107783386,0.152654548,0.097074115,0.153663998,0.128769307,0.051671663,0.011346818,ns_sec_2_perc
223,E07000115,119401,20972,31786,13142,16470,10322,12088,11642,2453,526,0.17564342,0.266212176,0.11006608,0.137938543,0.086448187,0.101238683,0.097503371,0.020544217,0.004405323,ns_sec_2_perc
224,E07000116,112622,22599,32578,11120,16475,7537,10894,8598,2188,630,0.200662393,0.289268527,0.098737369,0.146285806,0.066922981,0.096730657,0.076343876,0.01942782,0.005593934,ns_sec_2_perc
225,E07000117,86117,6955,15791,8490,9920,9207,15206,14814,4773,957,0.080762219,0.183366815,0.098586806,0.115192122,0.106912689,0.176573731,0.172021784,0.055424597,0.011112788,ns_sec_2_perc
226,E07000118,104277,15507,26485,11106,13010,9549,12774,12666,2480,689,0.148709687,0.253986977,0.10650479,0.12476385,0.091573405,0.122500647,0.121464944,0.023782809,0.006607401,ns_sec_2_perc
227,E07000119,74035,13806,18771,8839,10466,5827,8304,5742,1746,523,0.186479368,0.253542244,0.119389478,0.14136557,0.078706017,0.112163166,0.077557912,0.02358344,0.007064226,ns_sec_2_perc
228,E07000120,80088,6213,14661,8062,11201,8906,13270,13096,3729,933,0.077577165,0.183061133,0.100664269,0.139858655,0.111202677,0.165692738,0.163520128,0.046561283,0.011649685,ns_sec_2_perc
229,E07000121,129433,16031,28934,12897,16628,12028,17748,16145,3934,5082,0.123855586,0.223544228,0.099642286,0.12846801,0.092928388,0.137121136,0.12473635,0.030394104,0.039263557,ns_sec_2_perc
230,E07000122,88846,7994,16154,7671,13104,8717,14618,15569,4229,772,0.089975913,0.181820228,0.086340409,0.147491164,0.09811359,0.164531887,0.175235801,0.047599217,0.008689193,ns_sec_2_perc
231,E07000123,134392,15875,25769,15900,14515,11736,19424,19538,6355,5270,0.118124591,0.191745044,0.118310614,0.108004941,0.087326627,0.144532413,0.145380677,0.047287041,0.039213644,ns_sec_2_perc
232,E07000124,55951,9889,15051,4992,9800,4878,5408,4833,702,388,0.176743937,0.269003235,0.089220925,0.175153259,0.087183428,0.096656003,0.086379153,0.012546693,0.006934639,ns_sec_2_perc
233,E07000125,67262,8168,15273,6844,9396,5996,9008,9926,2055,589,0.12143558,0.227067289,0.10175136,0.139692546,0.089143945,0.133924058,0.14757218,0.030552169,0.008756802,ns_sec_2_perc
234,E07000126,108225,15089,26810,13950,12647,11054,14019,11898,2043,706,0.139422499,0.247724648,0.128898129,0.116858397,0.102139062,0.12953569,0.10993763,0.018877339,0.006523447,ns_sec_2_perc
235,E07000127,108689,14152,24888,10742,15366,9004,14042,14289,3598,2603,0.130206369,0.228983614,0.098832449,0.141375852,0.08284187,0.129194307,0.131466846,0.033103626,0.023949066,ns_sec_2_perc
236,E07000128,105962,12382,24085,12535,17404,10727,13553,11654,2771,843,0.116853212,0.227298465,0.118297125,0.16424756,0.101234405,0.127904343,0.109982824,0.026150884,0.007955682,ns_sec_2_perc
237,E07000129,92894,13545,22907,11059,13166,9175,10216,10904,1340,576,0.145811355,0.246592891,0.11904967,0.141731436,0.098768489,0.10997481,0.117381101,0.014425044,0.006200616,ns_sec_2_perc
238,E07000130,158719,24475,35379,15181,19055,15683,19454,19021,3731,6736,0.15420334,0.22290337,0.095647024,0.12005494,0.098809846,0.122568817,0.119840725,0.023506953,0.042439784,ns_sec_2_perc
239,E07000131,84008,17124,23562,8033,13142,6040,7239,7514,966,388,0.20383773,0.280473288,0.095621846,0.156437482,0.071897914,0.086170365,0.089443862,0.011498905,0.004618608,ns_sec_2_perc
240,E07000132,104275,15062,24369,10833,13976,10351,11873,15175,2072,554,0.144444977,0.233699353,0.103888756,0.134030209,0.099266363,0.113862383,0.14552865,0.019870535,0.005312875,ns_sec_2_perc
241,E07000133,49916,7731,11837,4151,7054,5132,6781,6094,904,231,0.154880199,0.237138392,0.083159708,0.141317413,0.102812725,0.135848225,0.122085103,0.018110426,0.004627775,ns_sec_2_perc
242,E07000134,92697,13389,20251,8515,11216,10092,11614,14541,2294,782,0.144438331,0.218464459,0.09185842,0.120996364,0.108870837,0.125289923,0.156865918,0.024747295,0.008436087,ns_sec_2_perc
243,E07000135,53765,8455,12149,6421,7150,5041,6571,6436,1101,440,0.15725844,0.225964847,0.119427137,0.132986143,0.093759881,0.122217056,0.119706129,0.020478006,0.008183763,ns_sec_2_perc
244,E07000136,63736,4444,10660,5075,8225,7538,12817,12325,2164,485,0.069725116,0.167252416,0.079625329,0.129047948,0.11826911,0.201095142,0.1933758,0.033952554,0.007609514,ns_sec_6_perc
245,E07000137,133400,10886,26713,11264,23444,14617,21778,19708,4418,567,0.081604198,0.200247376,0.084437781,0.175742129,0.109572714,0.163253373,0.147736132,0.033118441,0.004250375,ns_sec_2_perc
246,E07000138,87880,7721,17132,8945,8525,9043,15073,13369,4156,3912,0.087858443,0.194947656,0.101786527,0.097007283,0.102901684,0.171517979,0.152127902,0.047291761,0.044515248,ns_sec_2_perc
247,E07000139,105980,14653,28037,11484,14207,11087,12829,11165,1936,580,0.138261936,0.264549915,0.108360068,0.134053595,0.104614078,0.121051142,0.105350066,0.018267598,0.005472731,ns_sec_2_perc
248,E07000140,87409,7809,16570,7438,13497,9634,14564,15249,2275,369,0.089338626,0.18956858,0.085094212,0.154412017,0.110217483,0.166618998,0.17445572,0.026027068,0.004221533,ns_sec_2_perc
249,E07000141,132493,19356,32139,13026,17260,13434,17528,15962,3051,735,0.146090737,0.242571306,0.098314628,0.130271033,0.101394036,0.132293782,0.120474289,0.023027632,0.005547463,ns_sec_2_perc
250,E07000142,87850,11405,21467,8105,12230,9272,11531,10824,2578,435,0.129823563,0.244359704,0.092259533,0.13921457,0.10554354,0.131257826,0.123210017,0.029345475,0.004951622,ns_sec_2_perc
251,E07000143,127632,13306,27348,11908,18711,14243,19111,19318,3094,589,0.104252852,0.214272283,0.093299486,0.146601166,0.111594271,0.149735176,0.151357026,0.02424157,0.00461483,ns_sec_2_perc
252,E07000144,122931,16586,30143,14347,19196,12277,15181,12777,1833,582,0.134921216,0.245202593,0.116707747,0.156152638,0.099869032,0.12349204,0.103936355,0.014910804,0.004734363,ns_sec_2_perc
253,E07000145,96230,6660,17488,8975,13045,11175,16874,16792,4463,756,0.069209186,0.181731269,0.093266133,0.135560636,0.116128027,0.175350722,0.174498597,0.046378468,0.007856178,ns_sec_2_perc
254,E07000146,145253,13824,30091,12952,22760,16369,23845,20179,4461,763,0.095171873,0.207162675,0.089168554,0.156692117,0.112693025,0.164161842,0.13892312,0.03071193,0.005252904,ns_sec_2_perc
255,E07000147,99023,9741,21929,8635,19186,9994,15115,11690,2439,294,0.098371086,0.221453602,0.087201963,0.193752966,0.100926047,0.152641306,0.118053382,0.024630641,0.002969007,ns_sec_2_perc
256,E07000148,127754,14875,25828,12985,11611,10780,19316,18828,5914,7603,0.11643471,0.202169795,0.101640653,0.090885608,0.08438092,0.151196831,0.14737699,0.046292093,0.059512814,ns_sec_2_perc
257,E07000149,122219,19387,30127,11801,20016,10738,14786,12449,2287,624,0.158625091,0.246500135,0.096556182,0.16377159,0.08785868,0.120979553,0.10185814,0.018712312,0.005105589,ns_sec_2_perc
258,E07000150,60990,4685,10004,5338,4936,7597,11494,14536,1865,529,0.076815871,0.16402689,0.087522545,0.0809313,0.124561404,0.188457124,0.238334153,0.030578783,0.008673553,ns_sec_7_perc
259,E07000151,75886,13573,19631,7185,10855,6519,7645,8731,1299,436,0.178860396,0.258690668,0.094681496,0.143043513,0.085905174,0.10074322,0.11505416,0.017117782,0.00574546,ns_sec_2_perc
260,E07000152,84910,12185,21145,7967,11532,8086,9293,12601,1696,405,0.143504888,0.249028383,0.09382876,0.135814392,0.095230244,0.109445295,0.148404193,0.01997409,0.004769756,ns_sec_2_perc
261,E07000153,92521,11803,21079,9345,11335,9053,12408,14519,2396,572,0.127571038,0.227829358,0.101004096,0.122512727,0.097848056,0.134110094,0.156926536,0.025896823,0.00618238,ns_sec_2_perc
262,E07000154,208463,23510,45566,23996,23041,18839,28370,32425,7648,5046,0.112777807,0.218580755,0.115109156,0.110528007,0.090370953,0.136091297,0.15554319,0.036687566,0.024205734,ns_sec_2_perc
263,E07000155,84497,16497,23500,8222,13146,6664,7539,7555,1012,362,0.195237701,0.278116383,0.09730523,0.155579488,0.078866705,0.089222103,0.089411458,0.011976757,0.004284176,ns_sec_2_perc
264,E07000156,74583,8074,15919,7664,8161,7446,10333,13767,2639,570,0.108255232,0.21344006,0.102758001,0.109421718,0.099835083,0.138543636,0.1845863,0.035383398,0.007642492,ns_sec_2_perc
265,E07000163,54375,8254,13672,4846,10870,4550,5818,5157,883,325,0.151797701,0.25143908,0.089121839,0.199908046,0.083678161,0.106997701,0.094841379,0.01623908,0.005977011,ns_sec_2_perc
266,E07000164,87321,15020,22838,8105,15512,6849,8614,8466,1548,362,0.172009024,0.261540752,0.092818451,0.177643408,0.078434741,0.098647519,0.096952623,0.017727694,0.004145624,ns_sec_2_perc
267,E07000165,153821,29593,42927,15257,24420,10833,15283,12129,2488,882,0.192385955,0.279071128,0.099186717,0.158755957,0.070426015,0.099355745,0.078851392,0.016174645,0.005733937,ns_sec_2_perc
268,E07000166,47344,6379,13329,4706,8425,4129,4571,4716,848,239,0.134737242,0.281535147,0.099400135,0.177952856,0.087212741,0.096548665,0.099611355,0.017911457,0.005048158,ns_sec_2_perc
269,E07000167,50611,6450,10821,3638,11357,4709,6482,5860,1048,238,0.127442651,0.213807275,0.071881607,0.224397858,0.093043014,0.128074924,0.115785106,0.020706961,0.004702535,ns_sec_4_perc
270,E07000168,106427,9002,21569,9300,18402,12273,16670,13997,3679,1526,0.084583799,0.202664737,0.087383841,0.172907251,0.115318481,0.156633185,0.131517378,0.034568296,0.014338467,ns_sec_2_perc
271,E07000169,82725,12597,19545,7565,11193,8644,10616,10306,1869,390,0.152275612,0.236264733,0.091447567,0.135303717,0.104490783,0.1283288,0.124581445,0.022592928,0.004714415,ns_sec_2_perc
272,E07000170,118213,9427,20786,11519,12947,15159,19072,23924,4675,692,0.079745882,0.175835145,0.097442752,0.109522641,0.128234627,0.161335894,0.202380449,0.039547258,0.00585384,ns_sec_7_perc
273,E07000171,109979,11700,22820,9583,13185,12815,17063,18237,3873,700,0.106383946,0.207494158,0.087134817,0.119886524,0.116522245,0.155147801,0.165822566,0.035215814,0.006364851,ns_sec_2_perc
274,E07000172,108570,17853,24503,11867,11701,10794,13473,13138,2803,2421,0.16443769,0.225688496,0.109302754,0.107773786,0.099419729,0.124095054,0.121009487,0.025817445,0.022298978,ns_sec_2_perc
275,E07000173,112759,14797,27396,13579,14566,10758,14344,13585,2975,757,0.131226776,0.242960651,0.120424977,0.129178159,0.095407019,0.127209358,0.120478188,0.026383703,0.006713433,ns_sec_2_perc
276,E07000174,103487,8382,19313,10208,11088,12199,16193,20972,4420,703,0.080995681,0.186622474,0.098640409,0.107143892,0.11787954,0.15647376,0.202653473,0.042710679,0.006793124,ns_sec_7_perc
277,E07000175,112526,14619,25288,10219,14987,11378,15263,16636,3277,849,0.129916641,0.224730285,0.090814567,0.133186997,0.101114409,0.135639763,0.147841388,0.029122158,0.007544923,ns_sec_2_perc
278,E07000176,108804,26958,31432,10683,13148,6966,8665,7267,1599,2086,0.247766626,0.288886438,0.098185728,0.120841146,0.064023381,0.079638616,0.066789824,0.014696151,0.019172089,ns_sec_2_perc
279,E07000177,138916,21825,34551,14295,17368,12944,17757,16637,2461,1074,0.157109332,0.24871865,0.102903913,0.125025195,0.093178612,0.127825448,0.119763022,0.017715742,0.007731291,ns_sec_2_perc
280,E07000178,133241,28780,29743,10807,10953,8201,15649,13948,4647,10502,0.21599958,0.223227085,0.081108668,0.082204427,0.061550123,0.117448833,0.104682493,0.034876652,0.078819583,ns_sec_2_perc
281,E07000179,131483,29921,36768,11842,18329,9798,11180,10962,2051,624,0.227565541,0.279640714,0.090064875,0.139402052,0.074519139,0.085030004,0.083371995,0.015598975,0.004745861,ns_sec_2_perc
282,E07000180,118044,27623,31775,10743,14522,9161,10705,10925,1783,796,0.234005964,0.269179289,0.091008438,0.123021924,0.077606655,0.090686524,0.092550236,0.015104537,0.006743248,ns_sec_2_perc
283,E07000181,102415,19584,27430,9087,14434,9205,10288,10312,1519,546,0.191221989,0.267831861,0.088727237,0.140936386,0.089879412,0.100454035,0.100688376,0.014831812,0.00533125,ns_sec_2_perc
284,E07000187,106031,14208,25293,8706,18701,10131,13567,12484,2314,627,0.133998548,0.238543445,0.082108063,0.176372948,0.095547529,0.127953146,0.117739152,0.021823806,0.005913365,ns_sec_2_perc
285,E07000188,113056,13537,23670,9842,18136,10984,17067,16120,3051,645,0.119737121,0.20936527,0.087054203,0.160416077,0.097155392,0.150960586,0.142584206,0.026986626,0.005705137,ns_sec_2_perc
286,E07000189,157903,21846,35047,13994,24670,17468,21619,19198,3226,828,0.13835076,0.221952718,0.088624029,0.156235157,0.110624877,0.136913168,0.121580971,0.020430264,0.005243726,ns_sec_2_perc
287,E07000190,106852,14785,27277,11788,14763,9349,14253,11561,2291,773,0.138368959,0.255278329,0.110320818,0.138163067,0.087494853,0.13339011,0.108196384,0.021440871,0.007234305,ns_sec_2_perc
288,E07000191,33282,3352,7262,2972,7544,2944,4649,3639,806,114,0.100715101,0.218196022,0.089297518,0.22666907,0.088456223,0.139685115,0.109338381,0.024217295,0.003425275,ns_sec_4_perc
289,E07000192,96791,8758,19046,9386,12807,11397,14500,16613,3645,633,0.090483619,0.196774493,0.096971826,0.132316021,0.117748551,0.149807317,0.171637859,0.03765846,0.006539864,ns_sec_2_perc
290,E07000193,111488,13945,22923,9693,13919,11702,17285,17974,3290,757,0.125080726,0.205609572,0.086942092,0.124847517,0.104961969,0.155039107,0.161219145,0.029509902,0.006789968,ns_sec_2_perc
291,E07000194,98893,16754,25972,9312,13830,8419,10892,11045,2157,511,0.169415429,0.262627284,0.094162378,0.139848119,0.085132416,0.110139241,0.111686368,0.021811453,0.005167201,ns_sec_2_perc
292,E07000195,119708,14410,24306,12006,13852,11916,17276,19883,3409,2647,0.120376249,0.203044074,0.100294049,0.115714906,0.099542219,0.14431784,0.166095833,0.028477629,0.02211214,ns_sec_2_perc
293,E07000196,106157,16722,26733,11106,15770,9645,12074,11461,2184,455,0.157521407,0.251825127,0.104618631,0.148553557,0.090855996,0.113737201,0.107962734,0.020573302,0.004286105,ns_sec_2_perc
294,E07000197,127609,20967,33352,13943,15254,11073,14263,13566,2742,2446,0.164306593,0.261360876,0.109263453,0.119537023,0.086772877,0.111771113,0.106309116,0.021487513,0.019167927,ns_sec_2_perc
295,E07000198,95860,11436,20996,8914,15954,10042,12245,14041,1738,492,0.119298978,0.219027749,0.092989777,0.166430211,0.104756937,0.127738368,0.146474025,0.018130607,0.005132485,ns_sec_2_perc
296,E07000199,76446,7677,15155,8419,7980,8846,12234,13067,2573,495,0.100423829,0.198244512,0.110130026,0.104387411,0.115715669,0.160034534,0.170931115,0.033657745,0.006475159,ns_sec_2_perc
297,E07000200,86170,12669,21686,8031,14083,7909,10298,9439,1681,367,0.147023326,0.251665313,0.093199489,0.163432749,0.091783683,0.119507949,0.109539283,0.019507949,0.004259023,ns_sec_2_perc
298,E07000201,58175,5760,13441,6433,7331,6693,7647,9177,1230,462,0.099011603,0.231044263,0.110580146,0.12601633,0.11504942,0.131448217,0.157748174,0.021143103,0.007941556,ns_sec_2_perc
299,E07000202,131262,13551,26507,14112,13552,13754,21943,21178,5348,1313,0.103236276,0.201939632,0.10751017,0.103243894,0.104782801,0.167169478,0.161341439,0.040742942,0.010002895,ns_sec_2_perc
300,E07000203,95254,14413,23980,8627,16177,8772,10401,11056,1524,303,0.151311231,0.251747958,0.090568375,0.169830138,0.092090621,0.109192265,0.116068617,0.015999328,0.003180969,ns_sec_2_perc
301,E07000204,107942,15423,26214,10652,13867,10461,14834,13741,2074,673,0.142882289,0.242852643,0.098682626,0.12846714,0.096913157,0.137425655,0.127299846,0.019214022,0.00623483,ns_sec_2_perc
302,E07000205,121791,20073,31667,12721,17949,10251,13859,12389,2259,614,0.164815134,0.260011002,0.104449426,0.147375422,0.084168781,0.113793302,0.101723444,0.018548169,0.005041423,ns_sec_2_perc
303,E07000206,113519,9996,22958,10822,15076,13520,19314,17482,3731,610,0.088055744,0.202239273,0.095332059,0.132805962,0.119099005,0.170138919,0.154000652,0.032866745,0.00537355,ns_sec_2_perc
304,E07000207,129483,36135,41303,11442,17722,6039,8334,5624,2135,739,0.279071384,0.318983959,0.088366813,0.136867388,0.046639327,0.064363662,0.043434273,0.016488651,0.005707313,ns_sec_2_perc
305,E07000208,74026,16080,22013,8921,10289,4549,5803,4063,1134,1169,0.217220976,0.297368492,0.120511712,0.138991706,0.061451382,0.078391376,0.054886121,0.015318942,0.015791749,ns_sec_2_perc
306,E07000209,130920,31680,37519,12504,15955,8002,10302,8040,2225,4687,0.241979835,0.286579591,0.095508708,0.121868317,0.061121295,0.078689276,0.061411549,0.016995112,0.035800489,ns_sec_2_perc
307,E07000210,83985,19650,25496,8708,13291,4730,6110,4343,1288,368,0.233970352,0.30357802,0.103685182,0.15825445,0.056319581,0.072751087,0.051711615,0.015336072,0.004381735,ns_sec_2_perc
308,E07000211,134346,28108,39461,15808,19060,8911,11602,8365,2339,689,0.209220967,0.293726646,0.117666324,0.141872479,0.066328733,0.086359103,0.0622646,0.017410269,0.005128549,ns_sec_2_perc
309,E07000212,77346,14048,20843,8521,10461,5854,7191,5710,1391,3324,0.181625423,0.269477413,0.1101673,0.135249399,0.075685879,0.092971841,0.073824115,0.017984123,0.042975719,ns_sec_2_perc
310,E07000213,94837,14595,24957,13899,11800,9289,9274,8471,2013,530,0.153895631,0.263156785,0.146556724,0.124424012,0.097947004,0.097788838,0.089321678,0.021225893,0.005588536,ns_sec_2_perc
311,E07000214,84440,20149,25618,8750,11012,5969,6553,4603,1359,426,0.238619138,0.30338702,0.103623875,0.130412127,0.070689247,0.0776054,0.05451208,0.016094268,0.005045002,ns_sec_2_perc
312,E07000215,80916,16816,24267,9171,12727,5098,6594,4513,1388,338,0.207820456,0.299903604,0.11333976,0.157286569,0.063003609,0.081491918,0.055773889,0.017153591,0.004177171,ns_sec_2_perc
313,E07000216,117219,29512,35565,10015,17130,6702,8973,6465,1690,1167,0.251768058,0.303406444,0.085438368,0.146136718,0.057175031,0.076549024,0.055153175,0.014417458,0.009955724,ns_sec_2_perc
314,E07000217,98282,22983,27551,10132,12978,6617,9021,6158,2115,725,0.2338475,0.280326001,0.103091105,0.132048595,0.067326672,0.091786899,0.062656438,0.021519709,0.007376732,ns_sec_2_perc
315,E07000218,61468,6962,12992,5950,8650,6619,8425,10089,1472,309,0.113262185,0.21136201,0.096798334,0.140723629,0.107682046,0.137063187,0.164134184,0.02394742,0.005027006,ns_sec_2_perc
316,E07000219,124410,12327,24412,12904,12417,13882,20496,22312,4670,987,0.099083675,0.196222169,0.103721566,0.099807089,0.11158267,0.164745599,0.179342497,0.037537175,0.007933446,ns_sec_2_perc
317,E07000220,98180,15902,23195,9502,10933,9841,12269,13419,2327,792,0.161967814,0.236249745,0.096781422,0.111356692,0.100234264,0.124964351,0.136677531,0.023701365,0.008066816,ns_sec_2_perc
318,E07000221,118853,24170,31678,10688,19116,8748,11934,9940,1880,694,0.203360454,0.266530925,0.089926211,0.160837337,0.073603527,0.10040975,0.083632723,0.015817859,0.005839146,ns_sec_2_perc
319,E07000222,134590,30021,34163,12535,14352,9554,14598,10768,2742,5846,0.223055205,0.253830151,0.093134705,0.106634965,0.070985957,0.108462739,0.080005944,0.020372985,0.043435619,ns_sec_2_perc
320,E07000223,60424,6970,14475,7578,9418,5829,8028,6381,1440,302,0.115351516,0.23955713,0.125413743,0.155865219,0.096468291,0.132861115,0.105603734,0.02383159,0.004998014,ns_sec_2_perc
321,E07000224,145744,18451,34414,16795,23007,13293,19824,15279,3539,1136,0.126598694,0.236126359,0.115236305,0.157858986,0.091207871,0.136019322,0.104834504,0.024282303,0.007794489,ns_sec_2_perc
322,E07000225,110837,20244,29268,9983,19215,7944,11526,8432,2285,1937,0.182646589,0.264063445,0.090069201,0.173362686,0.071672817,0.103990545,0.076075679,0.020615859,0.017476114,ns_sec_2_perc
323,E07000226,105859,12511,22999,14398,11787,11668,15436,13097,3151,805,0.118185511,0.217260696,0.136011109,0.111346225,0.110222088,0.145816605,0.123721176,0.02976601,0.007604455,ns_sec_2_perc
324,E07000227,128633,27956,37178,13275,18874,9242,11301,8331,1926,548,0.217331478,0.289023812,0.103200578,0.146727512,0.071847815,0.087854594,0.064765651,0.01497283,0.004260182,ns_sec_2_perc
325,E07000228,137291,29015,41270,15889,18288,9806,12436,8313,1669,605,0.211339418,0.30060237,0.115732277,0.13320611,0.07142493,0.09058132,0.060550218,0.01215666,0.004406698,ns_sec_2_perc
326,E07000229,102752,14706,26891,13670,14258,8561,12800,8529,2460,865,0.143121302,0.261707801,0.133038773,0.138761289,0.083317113,0.124571784,0.083005684,0.02394114,0.008418328,ns_sec_2_perc
327,E07000234,90833,17907,24555,9213,13087,7413,9058,7487,1693,419,0.197142008,0.270331267,0.101427895,0.144077593,0.081611309,0.099721467,0.082425991,0.018638601,0.004612861,ns_sec_2_perc
328,E07000235,72422,13380,18845,6229,12716,5322,7794,6178,1561,397,0.18475049,0.260210986,0.086009776,0.175582005,0.073485957,0.107619232,0.08530557,0.021554224,0.00548176,ns_sec_2_perc
329,E07000236,83745,9941,17494,8649,9995,8735,13840,11858,2658,570,0.118705594,0.208896053,0.103277808,0.119350409,0.104304735,0.165263598,0.141596513,0.031739208,0.006806377,ns_sec_2_perc
330,E07000237,96854,13308,22947,10003,10047,9058,13656,12197,3154,2482,0.137402689,0.236923617,0.103279162,0.103733454,0.093522209,0.140995726,0.125931815,0.032564478,0.0256262,ns_sec_2_perc
331,E07000238,115545,19860,28851,10528,18447,9823,12759,12408,2311,552,0.171881085,0.249694924,0.091116015,0.159652084,0.085014497,0.11042451,0.107386732,0.020000865,0.004777359,ns_sec_2_perc
332,E07000239,96958,11414,20907,9183,13451,9727,13605,14989,3198,483,0.117721075,0.215629448,0.094711112,0.138730172,0.100321789,0.140318488,0.15459271,0.032983354,0.004981538,ns_sec_2_perc
333,E08000001,274855,29302,55147,30336,35431,23508,42055,41384,13974,3680,0.106608939,0.200640338,0.110370923,0.12890797,0.085528733,0.15300795,0.150566662,0.050841353,0.013388878,ns_sec_2_perc
334,E08000002,183025,24143,43758,21931,24064,15185,23942,21710,6543,1738,0.131910941,0.239082093,0.11982516,0.131479306,0.082966808,0.130812731,0.118617675,0.035749215,0.00949597,ns_sec_2_perc
335,E08000003,481030,49418,83481,51759,44930,34112,69564,65935,41989,39743,0.102733717,0.173546348,0.107600358,0.093403738,0.070914496,0.144614681,0.137070453,0.087289774,0.082620627,ns_sec_2_perc
336,E08000004,223170,19259,40011,23719,30160,23520,34479,36674,12763,2556,0.086297441,0.17928485,0.106282206,0.135143612,0.105390509,0.154496572,0.164332123,0.057189586,0.011453152,ns_sec_2_perc
337,E08000005,209552,18392,39206,22504,28198,19437,31299,35208,13033,2249,0.087768191,0.187094373,0.107391006,0.134563259,0.09275502,0.149361495,0.168015576,0.062194587,0.01073242,ns_sec_2_perc
338,E08000006,228346,22616,45484,29482,21139,20096,34915,34253,14188,6153,0.099042681,0.19918895,0.129111086,0.092574427,0.088006797,0.152903926,0.150004817,0.062133779,0.02694595,ns_sec_2_perc
339,E08000007,280915,46981,70488,34913,35868,21861,33185,27118,8486,2004,0.16724276,0.250922877,0.124283146,0.127682751,0.077820693,0.118131819,0.096534539,0.030208426,0.007133831,ns_sec_2_perc
340,E08000008,217736,18860,40358,27618,25680,23506,35843,34322,9725,1813,0.086618657,0.185352904,0.12684168,0.117940993,0.107956424,0.164616784,0.15763126,0.04466418,0.008326597,ns_sec_2_perc
341,E08000009,225277,43649,57216,28191,26260,16344,24811,19552,7093,2147,0.193757019,0.253980655,0.125139273,0.116567603,0.072550682,0.110135522,0.086790929,0.031485682,0.009530489,ns_sec_2_perc
342,E08000010,315794,29234,64215,34821,34995,33735,49332,54391,12635,2417,0.092573006,0.203344585,0.11026492,0.110815912,0.106825969,0.156215761,0.172235698,0.04001026,0.007653724,ns_sec_2_perc
343,E08000011,144990,9378,24828,17911,14071,14454,27011,24203,11657,1474,0.064680323,0.171239396,0.123532657,0.097048072,0.099689634,0.186295607,0.166928754,0.080398648,0.010166218,ns_sec_6_perc
344,E08000012,450085,39039,83868,52508,38354,35750,72347,65687,38111,24377,0.08673695,0.186338136,0.116662408,0.085215015,0.079429441,0.160740749,0.145943544,0.084675117,0.054160881,ns_sec_2_perc
345,E08000013,173958,16520,35672,18903,15906,18871,27763,29796,9238,1276,0.094965451,0.205060992,0.10866416,0.091435864,0.108480208,0.159595994,0.171282723,0.053104772,0.007335104,ns_sec_2_perc
346,E08000014,269697,31119,64032,36408,32326,22478,38711,30848,11493,2268,0.115385043,0.237421996,0.13499594,0.119860436,0.083345384,0.143535152,0.114380212,0.04261449,0.008409437,ns_sec_2_perc
347,E08000015,316384,38801,72417,38091,32122,30564,46947,39123,15404,2908,0.122638945,0.228889577,0.120394837,0.101528522,0.096604127,0.148386138,0.123656696,0.048687671,0.009191362,ns_sec_2_perc
348,E08000016,229539,18588,41839,21885,26512,25605,35801,46020,11624,1652,0.080979703,0.182274036,0.095343275,0.11550107,0.111549671,0.155969138,0.200488806,0.050640632,0.007197034,ns_sec_7_perc
349,E08000017,297200,23777,54203,28362,32760,34582,49049,56856,15582,2019,0.080003365,0.182378869,0.095430686,0.110228802,0.116359354,0.165037012,0.191305518,0.052429341,0.006793405,ns_sec_7_perc
350,E08000018,255334,22529,47157,25790,29403,28709,41221,44914,13772,1827,0.088233451,0.184687507,0.101004958,0.115155052,0.112437043,0.161439526,0.175902935,0.053937196,0.007155334,ns_sec_2_perc
351,E08000019,539064,66817,106029,52330,58083,44038,77364,70180,29295,34884,0.123950032,0.196690931,0.097075672,0.107747874,0.081693454,0.143515427,0.130188623,0.054344197,0.064712168,ns_sec_2_perc
352,E08000020,197726,19766,40008,23017,16706,20883,32291,33337,9468,2243,0.09996662,0.202340613,0.116408565,0.084490659,0.105615852,0.163311856,0.168602005,0.047884446,0.011343981,ns_sec_2_perc
353,E08000021,271212,33434,48966,27075,23798,21408,37246,36952,17115,25193,0.123276256,0.180545109,0.099829654,0.087746855,0.07893456,0.137331681,0.136247659,0.063105615,0.092890433,ns_sec_2_perc
354,E08000022,199142,23965,46587,27067,17338,19031,28943,26505,8124,1575,0.120341264,0.233938597,0.135918089,0.087063502,0.095564974,0.145338502,0.133095982,0.040795011,0.007908929,ns_sec_2_perc
355,E08000023,146729,12232,27440,16745,12139,16448,24655,26147,9264,1650,0.08336457,0.187011429,0.114121953,0.082730749,0.112097813,0.16803086,0.178199265,0.063136803,0.011245221,ns_sec_2_perc
356,E08000024,271884,20435,49938,31912,23567,29111,45354,50938,15313,5298,0.07516073,0.18367392,0.117373586,0.086680349,0.107071398,0.166813788,0.187351959,0.056321814,0.019486251,ns_sec_7_perc
357,E08000025,1051366,103973,184245,108454,122002,86388,165740,146415,94733,39254,0.098893249,0.175243445,0.103155324,0.116041417,0.08216739,0.157642534,0.139261684,0.090104683,0.037336189,ns_sec_2_perc
358,E08000026,307730,31005,55011,32805,29401,28779,48367,47039,18215,17084,0.100753908,0.178763851,0.106603191,0.095541546,0.093520294,0.157173496,0.152858025,0.059191499,0.055516199,ns_sec_2_perc
359,E08000027,310398,32381,62336,33496,36531,30410,49301,49023,14750,2155,0.104320904,0.200826036,0.107913066,0.117690836,0.097970992,0.158831565,0.15793594,0.047519636,0.006942699,ns_sec_2_perc
360,E08000028,305928,19006,46384,30102,31677,31161,59965,60953,22935,3717,0.062125729,0.151617374,0.098395701,0.103543971,0.1018573,0.196010172,0.19923969,0.07496862,0.012149918,ns_sec_7_perc
361,E08000029,205087,38323,51121,23237,23572,16552,24966,19261,6550,1489,0.186862161,0.249264946,0.113303135,0.114936588,0.080707212,0.121733703,0.09391624,0.031937665,0.007260333,ns_sec_2_perc
362,E08000030,267397,22720,45829,24650,32239,27133,46618,46470,19145,2575,0.084967296,0.171389357,0.092185028,0.12056605,0.101470847,0.174340026,0.173786542,0.071597662,0.009629876,ns_sec_6_perc
363,E08000031,245526,19317,41755,23048,24402,23106,46357,43532,19391,4584,0.078675985,0.170063456,0.093871932,0.099386623,0.09410816,0.188806888,0.177300978,0.078977379,0.01867012,ns_sec_6_perc
364,E08000032,515315,51357,94051,52521,74306,45741,73246,79509,34704,9819,0.099661372,0.182511668,0.101920185,0.144195298,0.088763184,0.142138304,0.154292035,0.067345216,0.019054365,ns_sec_2_perc
365,E08000033,202376,25760,45022,20873,26348,17760,28061,28245,8341,1945,0.127287821,0.222467091,0.1031397,0.130193304,0.087757442,0.138657746,0.139566945,0.041215362,0.009610823,ns_sec_2_perc
366,E08000034,416840,49507,84925,39581,57610,38152,55017,65326,18820,7881,0.118767393,0.203735246,0.094954899,0.138206506,0.091526725,0.131985894,0.156717206,0.045149218,0.018906535,ns_sec_2_perc
367,E08000035,731373,98692,154309,81750,78378,61034,96776,93028,34451,32902,0.134940721,0.210985366,0.11177607,0.107165564,0.083451262,0.132320991,0.127196383,0.047104555,0.044986621,ns_sec_2_perc
368,E08000036,322264,29742,62306,31554,33579,35497,49147,65372,13140,1915,0.092290793,0.193338381,0.097913512,0.10419718,0.110148822,0.152505399,0.20285232,0.040774024,0.005942333,ns_sec_7_perc
369,E09000002,184901,11832,32322,21411,24214,16090,30071,27030,16385,5519,0.063991001,0.174807059,0.115797102,0.130956566,0.08701954,0.162632977,0.146186338,0.088614989,0.029848405,ns_sec_2_perc
370,E09000003,352597,70745,90433,34215,59911,16876,31136,22090,18594,8552,0.200639824,0.256476941,0.097037127,0.169913527,0.047862007,0.088304779,0.062649427,0.052734425,0.024254319,ns_sec_2_perc
371,E09000004,230902,27098,53978,35692,32854,20576,27226,22046,8236,3188,0.117357147,0.233770171,0.1545764,0.142285472,0.089111398,0.117911495,0.095477735,0.035668812,0.013806723,ns_sec_2_perc
372,E09000005,308895,34300,61197,30746,51648,21079,40966,36049,24343,8515,0.111040969,0.198115865,0.099535441,0.167202447,0.068240017,0.132621117,0.116703087,0.078806714,0.027566001,ns_sec_2_perc
373,E09000006,307023,58545,87883,41528,42424,18457,27004,18588,9884,2703,0.19068604,0.286242399,0.135260225,0.138178573,0.060116017,0.087954323,0.060542695,0.032193028,0.008803901,ns_sec_2_perc
374,E09000007,212443,46898,59293,16962,21033,10222,17167,12974,15341,12509,0.220755685,0.279100747,0.079842593,0.09900538,0.048116436,0.080807558,0.061070499,0.072212311,0.058881676,ns_sec_2_perc
375,E09000008,360230,50686,89477,49484,46290,24060,43284,29998,19019,7899,0.14070455,0.24838853,0.137367793,0.128501235,0.066790662,0.120156567,0.083274575,0.052796824,0.021927657,ns_sec_2_perc
376,E09000009,334725,48683,76425,33247,48068,24082,38024,35224,23179,7754,0.145441781,0.228321757,0.099326313,0.143604451,0.071945627,0.113597729,0.105232654,0.06924789,0.023165285,ns_sec_2_perc
377,E09000010,310066,37339,66795,33688,45900,21367,37732,32195,27376,7622,0.120422749,0.215421878,0.108647836,0.148032999,0.068911135,0.121690221,0.103832732,0.08829088,0.024581863,ns_sec_2_perc
378,E09000011,249991,32544,56575,27951,29387,18085,34109,25460,17625,8235,0.130180687,0.226308147,0.111808025,0.117552232,0.072342604,0.136440912,0.101843666,0.070502538,0.032941186,ns_sec_2_perc
379,E09000012,244433,29701,62861,25505,25692,13948,28151,24639,25545,8313,0.12150978,0.257170677,0.104343522,0.105108557,0.057062672,0.115168574,0.100800628,0.104507166,0.03400932,ns_sec_2_perc
380,E09000013,180652,38138,52411,16223,17465,9065,14943,12340,12065,7976,0.211113079,0.290121338,0.089802493,0.09667759,0.05017935,0.082717047,0.068308128,0.066785865,0.044151186,ns_sec_2_perc
381,E09000014,253236,34837,62492,22430,32818,15621,27611,24873,23902,8603,0.137567328,0.24677376,0.088573505,0.129594528,0.061685542,0.109032681,0.098220632,0.094386264,0.033972263,ns_sec_2_perc
382,E09000015,236970,44117,55871,27103,38189,13636,24738,17105,12493,3693,0.186171245,0.235772461,0.114373127,0.161155421,0.057543149,0.104392961,0.072182133,0.052719754,0.015584251,ns_sec_2_perc
383,E09000016,235671,27583,53208,34955,36391,21366,27826,24284,8041,2013,0.117040281,0.225772369,0.148321177,0.154414417,0.090660285,0.118071379,0.103041953,0.034119599,0.008541569,ns_sec_2_perc
384,E09000017,267227,35370,59932,33302,34780,24378,30931,28081,12923,7503,0.13235938,0.224273745,0.124620641,0.130151519,0.091225812,0.115748034,0.105082944,0.048359634,0.028077253,ns_sec_2_perc
385,E09000018,251961,34320,56385,29222,33006,21208,31634,27217,13581,5362,0.136211557,0.223784633,0.115978266,0.130996464,0.084171757,0.125551177,0.108020686,0.053901199,0.021281071,ns_sec_2_perc
386,E09000019,200134,38564,53095,18493,17666,10027,18878,16354,17945,9092,0.192690897,0.265297251,0.09240309,0.088270859,0.050101432,0.094326801,0.081715251,0.089664925,0.045429562,ns_sec_2_perc
387,E09000020,155939,39371,48748,10809,17355,5365,10418,7909,9567,6381,0.25247693,0.312609418,0.069315566,0.111293519,0.034404479,0.066808175,0.05071855,0.061350913,0.040919847,ns_sec_2_perc
388,E09000021,156358,33731,44258,16973,19893,8470,13122,8674,4299,6917,0.215729288,0.283055552,0.108552169,0.127227261,0.054170557,0.083922793,0.055475256,0.027494596,0.044238223,ns_sec_2_perc
389,E09000022,300101,48716,81767,31904,29163,17798,30787,28689,20847,10348,0.162332015,0.272464937,0.106310875,0.097177284,0.0593067,0.102588795,0.095597815,0.069466613,0.034481724,ns_sec_2_perc
390,E09000023,273342,35861,70287,32885,29760,18542,34323,23820,17607,10208,0.131194621,0.257139408,0.120307161,0.108874597,0.067834435,0.12556797,0.087143578,0.064413811,0.037345157,ns_sec_2_perc
391,E09000024,198217,38084,53070,22552,26208,12377,20390,14942,6980,3605,0.192132864,0.267736874,0.113774298,0.13221873,0.062441667,0.10286706,0.075382031,0.035213932,0.018187138,ns_sec_2_perc
392,E09000025,306009,22152,50998,29832,43190,25550,47724,38707,30332,17439,0.072390028,0.166655229,0.097487329,0.14113964,0.083494276,0.155956197,0.126489744,0.099121268,0.05698852,ns_sec_2_perc
393,E09000026,277323,44046,64444,32194,45516,16121,30533,20935,17137,6306,0.158825629,0.232378851,0.11608846,0.164126308,0.058130772,0.110099054,0.075489592,0.06179437,0.022738828,ns_sec_2_perc
394,E09000027,184098,51949,63300,16314,20956,7133,10199,7402,4065,2759,0.28218123,0.343838608,0.088615846,0.113830677,0.038745668,0.055399841,0.040206846,0.022080631,0.014986583,ns_sec_2_perc
395,E09000028,282560,44684,70114,29019,24982,18619,33870,27945,19770,13502,0.158139864,0.248138448,0.102700311,0.08841308,0.065893969,0.119868347,0.098899349,0.069967441,0.047784541,ns_sec_2_perc
396,E09000029,188695,29292,49516,26566,27955,14341,19377,14278,5480,1882,0.155234638,0.262412889,0.140788044,0.14814913,0.076000954,0.102689525,0.075667082,0.029041575,0.009973767,ns_sec_2_perc
397,E09000030,250343,36183,53962,22247,22364,19984,29770,24681,28963,12155,0.1445337,0.215552262,0.088866076,0.089333435,0.079826478,0.118916846,0.098588736,0.115693269,0.048553385,ns_sec_2_perc
398,E09000031,256615,25080,55634,28823,42540,19173,30956,28174,18733,7477,0.097733959,0.216799486,0.112320012,0.16577363,0.07471504,0.120632075,0.109790932,0.073000409,0.029137034,ns_sec_2_perc
399,E09000032,301648,71909,93303,28871,30735,13333,24011,18169,13365,7915,0.238387127,0.309310852,0.095710895,0.101890283,0.044200525,0.079599401,0.060232456,0.044306609,0.026239193,ns_sec_2_perc
400,E41000052,525555,53905,116209,47394,102113,52977,70544,61771,13637,6989,0.102567762,0.221116724,0.090178954,0.194295554,0.100802009,0.134227626,0.117534797,0.025947808,0.013298323,ns_sec_2_perc
401,E41000324,220395,52530,60817,16262,21280,9659,16793,13621,19542,9840,0.23834479,0.275945462,0.073785703,0.096553915,0.043825858,0.076195013,0.061802672,0.088668073,0.044647111,ns_sec_2_perc
402,S12000005,50439,5044,10329,5012,4071,6268,8020,8804,2271,620,0.100001983,0.204782014,0.099367553,0.080711354,0.124268919,0.159003945,0.174547473,0.045024683,0.012292076,ns_sec_2_perc
403,S12000006,149341,11591,28558,12977,25312,16752,25051,23575,4496,1029,0.077614319,0.19122679,0.086895092,0.169491298,0.112172813,0.16774362,0.157860199,0.030105597,0.006890271,ns_sec_2_perc
404,S12000008,121306,9551,23631,12366,12637,14745,19500,21749,5829,1298,0.07873477,0.194804874,0.101940547,0.104174567,0.121552108,0.160750499,0.17929039,0.048052034,0.010700213,ns_sec_2_perc
405,S12000010,97819,13174,23272,11071,11354,9662,13333,12710,2350,893,0.134677312,0.237908791,0.113178421,0.11607152,0.098774267,0.136302763,0.129933857,0.024023963,0.009129106,ns_sec_2_perc
406,S12000011,89988,18965,26396,10766,10337,6263,8283,5952,2187,839,0.210750322,0.293327999,0.119638174,0.114870872,0.069598169,0.092045606,0.066142152,0.02430324,0.009323465,ns_sec_2_perc
407,S12000013,27318,2116,6305,2454,4081,3080,3979,4492,634,177,0.077458086,0.230800205,0.089830881,0.149388681,0.112746175,0.14565488,0.164433707,0.023208141,0.006479244,ns_sec_2_perc
408,S12000014,154192,14490,34208,17705,13588,19594,22153,25912,5103,1439,0.093973747,0.221853274,0.114824375,0.088123897,0.127075335,0.143671526,0.168050223,0.033095102,0.00933252,ns_sec_2_perc
409,S12000015,357440,37918,79644,38489,32349,40373,53127,53906,13494,8140,0.10608214,0.222817816,0.107679611,0.090501902,0.112950425,0.148631938,0.150811325,0.037751791,0.022773053,ns_sec_2_perc
410,S12000017,228364,23328,51948,20910,33856,28276,31886,30958,5604,1598,0.102152704,0.227478937,0.091564345,0.148254541,0.123819867,0.139627962,0.135564275,0.02453977,0.0069976,ns_sec_2_perc
411,S12000018,80261,7542,16309,9942,5554,7891,13405,14508,3699,1411,0.093968428,0.203199561,0.123870871,0.069199237,0.098316742,0.167017605,0.18076027,0.046087141,0.017580145,ns_sec_2_perc
412,S12000019,82257,8727,17714,10548,8730,8933,11889,12672,2390,654,0.106094314,0.215349454,0.128232248,0.106130785,0.10859866,0.144534812,0.154053758,0.029055278,0.007950691,ns_sec_2_perc
413,S12000020,91203,7444,21012,8402,10914,12768,14335,13731,1930,667,0.081620122,0.230387158,0.092124163,0.119667116,0.139995395,0.157176847,0.150554258,0.021161585,0.007313356,ns_sec_2_perc
414,S12000021,136609,11268,27477,14178,13354,17394,22455,21566,7267,1650,0.082483585,0.201136089,0.103785256,0.097753442,0.127326896,0.164374236,0.157866612,0.053195617,0.012078267,ns_sec_2_perc
415,S12000023,21151,1603,4602,1411,4607,2500,3054,2927,342,105,0.075788379,0.217578365,0.066710794,0.217814761,0.118197721,0.144390336,0.138385892,0.016169448,0.004964304,ns_sec_4_perc
416,S12000024,142139,20012,34775,14622,19379,14688,17626,16801,2723,1513,0.14079176,0.24465488,0.102871133,0.136338373,0.103335467,0.124005375,0.118201197,0.019157304,0.01064451,ns_sec_2_perc
417,S12000026,112589,13045,24708,9865,18072,10942,15714,16197,2927,1119,0.115863894,0.219453055,0.087619572,0.160513016,0.097185338,0.139569585,0.143859524,0.025997211,0.009938804,ns_sec_2_perc
418,S12000027,22981,1870,5332,1787,3156,3269,3453,3689,297,128,0.081371568,0.232017754,0.077759889,0.137330839,0.142247944,0.150254558,0.160523911,0.01292372,0.005569819,ns_sec_2_perc
419,S12000028,111270,12436,27051,11708,12456,12658,15735,14110,3904,1212,0.111764177,0.243111351,0.105221533,0.11194392,0.113759324,0.14141278,0.126808664,0.035085827,0.010892424,ns_sec_2_perc
420,S12000029,310501,35080,70938,38030,31833,32126,43283,45267,10953,2991,0.112978702,0.228463032,0.122479477,0.102521409,0.103465045,0.139397297,0.14578697,0.035275249,0.009632819,ns_sec_2_perc
421,S12000030,85874,14465,21265,7796,9798,7411,9693,9952,2518,2976,0.168444465,0.247630249,0.090784172,0.114097399,0.086300859,0.112874677,0.115890724,0.02932203,0.034655425,ns_sec_2_perc
422,S12000033,214243,35749,46220,21353,14703,23593,27237,29337,3992,12059,0.166861928,0.215736337,0.0996672,0.06862768,0.110122618,0.127131342,0.136933295,0.018633048,0.056286553,ns_sec_2_perc
423,S12000034,250471,38638,57331,20118,34823,32800,29325,32454,3466,1516,0.154261372,0.228892766,0.080320676,0.139030067,0.130953284,0.117079422,0.129571887,0.013837929,0.006052597,ns_sec_2_perc
424,S12000035,85694,9096,21210,8670,14099,8575,11336,10021,2138,549,0.106145121,0.247508577,0.101173945,0.164527271,0.100065349,0.132284641,0.116939342,0.024949238,0.006406516,ns_sec_2_perc
425,S12000036,462334,86928,113311,53012,37919,31591,49771,43091,15075,31636,0.188019916,0.245084722,0.114661695,0.082016464,0.06832939,0.107651611,0.093203182,0.032606298,0.068426722,ns_sec_2_perc
426,S12000038,172717,18702,39711,22564,13335,18492,25235,24669,7076,2933,0.108281177,0.229919464,0.130641454,0.077207223,0.107065315,0.146106058,0.142829021,0.040968752,0.016981536,ns_sec_2_perc
427,S12000039,90028,6016,17863,12422,6538,10206,16325,14859,4701,1098,0.066823655,0.198416048,0.137979295,0.072621851,0.113364731,0.181332474,0.165048652,0.052217088,0.012196206,ns_sec_2_perc
428,S12000040,173312,19854,37585,21453,14354,18177,25216,29634,5356,1683,0.114556407,0.216863229,0.123782542,0.082821732,0.104880216,0.14549483,0.170986429,0.030903804,0.009710811,ns_sec_2_perc
429,S12000041,114445,11819,26510,11052,13741,13890,16392,16874,3124,1043,0.103272314,0.231639652,0.096570405,0.120066407,0.121368343,0.143230373,0.147442003,0.027296955,0.009113548,ns_sec_2_perc
430,S12000042,142101,12550,27904,16389,10127,13746,21860,22578,7481,9466,0.088317464,0.196367373,0.11533346,0.071266212,0.096734013,0.153834245,0.158886989,0.052645653,0.066614591,ns_sec_2_perc
431,S12000044,335317,26062,67034,40788,29162,37977,53204,61547,15834,3709,0.077723468,0.199912322,0.12164012,0.086968451,0.113257008,0.158667768,0.183548702,0.047220988,0.011061175,ns_sec_2_perc
432,S12000045,104431,20949,30418,13076,11257,8220,9777,7958,1948,828,0.200601354,0.291273664,0.125211862,0.107793663,0.07871226,0.093621626,0.076203426,0.018653465,0.00792868,ns_sec_2_perc
433,S12000046,578251,53567,104946,64034,41233,49664,94591,93056,44467,32693,0.092636243,0.181488661,0.110737379,0.071306405,0.085886579,0.163581213,0.160926656,0.076899132,0.056537732,ns_sec_2_perc
434,W06000001,68941,7408,14462,6397,11144,7341,9869,8608,3018,694,0.1074542,0.209773575,0.092789487,0.161645465,0.106482354,0.14315139,0.124860388,0.043776563,0.010066579,ns_sec_2_perc
435,W06000002,117974,11162,24876,9896,21931,10850,16101,14475,4004,4671,0.094614068,0.21086002,0.083882889,0.185896893,0.091969417,0.136479224,0.122696526,0.033939682,0.03959347,ns_sec_2_perc
436,W06000003,112531,11351,25996,11154,19048,10443,16437,13224,3849,1027,0.100869982,0.231011899,0.099119354,0.169268913,0.092801095,0.146066417,0.117514285,0.034203908,0.009126374,ns_sec_2_perc
437,W06000004,92483,9229,20529,8846,14418,8893,13879,12135,3638,916,0.099791313,0.221975931,0.095650011,0.155898922,0.096158213,0.150070824,0.131213304,0.039336959,0.009904523,ns_sec_2_perc
438,W06000005,151679,16671,32305,14410,17073,20850,22907,21811,4443,1208,0.109909744,0.212982681,0.095003263,0.112560078,0.137461349,0.151022884,0.143797098,0.029292123,0.007964188,ns_sec_2_perc
439,W06000006,133244,12916,26771,12332,14690,15743,22970,20423,5136,2253,0.096934946,0.200917114,0.09255201,0.110248867,0.118151662,0.172390502,0.153275194,0.038545826,0.016908829,ns_sec_2_perc
440,W06000008,71444,8057,14505,5724,16210,5473,8159,6598,1814,4900,0.112773641,0.203026146,0.080118694,0.226890992,0.076605453,0.114201333,0.092352052,0.025390516,0.068585186,ns_sec_4_perc
441,W06000009,120545,10232,25620,10015,23401,13644,17084,15491,4327,731,0.084881165,0.212534738,0.083081007,0.194126675,0.113185947,0.141723008,0.128508026,0.035895309,0.006064125,ns_sec_2_perc
442,W06000010,181227,16610,38383,17564,30432,16908,26613,26001,7097,1615,0.09165301,0.211795152,0.096917126,0.167921998,0.093297356,0.146848979,0.143471999,0.039160831,0.008911476,ns_sec_2_perc
443,W06000011,234363,26106,51198,26800,22820,22580,33226,30528,9645,11447,0.111391303,0.218455985,0.114352522,0.097370319,0.096346266,0.141771525,0.130259469,0.041154107,0.048843034,ns_sec_2_perc
444,W06000012,138682,10189,26838,14278,12466,17704,23060,26092,6948,1100,0.073470241,0.19352187,0.102954962,0.089889099,0.127658961,0.16627969,0.188142657,0.050100229,0.007931815,ns_sec_2_perc
445,W06000013,136842,13997,30034,13597,13374,15826,21031,22331,5618,1028,0.102285848,0.2194794,0.099362769,0.097733152,0.115651627,0.153688195,0.163188202,0.041054647,0.007512313,ns_sec_2_perc
446,W06000014,124259,18691,32973,14204,14482,11502,15066,12034,4463,844,0.150419688,0.265357037,0.114309627,0.11654689,0.092564724,0.121246751,0.096846104,0.035916915,0.006792265,ns_sec_2_perc
447,W06000015,334551,49533,77460,38323,30997,25080,40493,34094,17464,21062,0.148058144,0.231534206,0.114550547,0.09265254,0.074966149,0.121036852,0.101909724,0.052201309,0.062956022,ns_sec_2_perc
448,W06000016,231885,18717,44263,23656,23367,25841,36899,41361,12476,5293,0.080716735,0.190883412,0.102016086,0.100769778,0.11143886,0.159126291,0.178368588,0.053802531,0.02282597,ns_sec_2_perc
449,W06000018,177755,14816,33696,19405,16697,20903,28249,33222,9362,1396,0.083350679,0.189564288,0.109167112,0.09393266,0.117594442,0.158920987,0.186897696,0.052667998,0.007853506,ns_sec_2_perc
450,W06000019,69239,3578,10918,6111,5824,8514,13341,15170,5253,524,0.051676079,0.157685697,0.088259507,0.084114444,0.122965381,0.192680426,0.219096174,0.075867647,0.007567989,ns_sec_7_perc
451,W06000020,90360,7793,18112,9436,8401,10464,15523,15967,4088,576,0.086243913,0.200442674,0.104426737,0.092972554,0.115803453,0.171790615,0.176704294,0.045241257,0.006374502,ns_sec_2_perc
452,W06000021,89694,16016,23008,7889,13277,7461,9660,9864,2021,498,0.178562669,0.256516601,0.087954601,0.148025509,0.083182822,0.107699512,0.109973911,0.022532165,0.005552211,ns_sec_2_perc
453,W06000022,144103,15653,29706,16240,13698,14882,21309,21936,7889,2774,0.108623693,0.206144216,0.112697168,0.095057008,0.103273353,0.147873396,0.152224451,0.054745564,0.01925012,ns_sec_2_perc
454,W06000023,131047,13335,27901,10777,32419,11461,16531,14473,3359,786,0.101757385,0.212908346,0.08223767,0.247384526,0.087457172,0.126145581,0.110441292,0.025632025,0.005997848,ns_sec_4_perc
455,W06000024,58334,3873,10580,5969,5506,6648,10156,11564,3540,495,0.066393527,0.181369356,0.102324545,0.094387493,0.113964412,0.174100867,0.198237734,0.060685021,0.008485617,ns_sec_7_perc
