Date,England,North East,North West,Yorkshire and The Humber,East Midlands,West Midlands,East,London,South East,South West,Wales,Scotland,Northern Ireland
1/7/2020,4686000,190800,592300,411000,377100,487000,504600,905100,762100,456100,247300,489900,139100
2/7/2020,4687000,190800,592400,411000,377100,487100,504600,905800,762100,456100,247300,489800,139100
3/7/2020,4681400,190700,591700,410600,376500,486500,504000,905000,761100,455300,247200,489600,139000
4/7/2020,4666000,189700,589500,409100,375000,484900,502500,903600,758300,453400,246900,488700,138600
5/7/2020,4657300,188900,588400,408100,374800,483800,501700,902600,756900,452100,246800,488200,138400
6/7/2020,4646100,187600,586500,406500,373200,483100,500000,903700,754900,450600,246800,485700,137500
7/7/2020,4637700,187400,585500,405600,372300,482200,499200,902200,753400,449900,246400,484700,137300
8/7/2020,4616700,186000,581900,403500,370600,480200,497100,899800,750200,447400,246100,483900,136700
9/7/2020,4610600,185700,581000,403000,370100,479500,496600,898900,749200,446700,245800,483100,136300
10/7/2020,4604800,185500,580100,402500,369600,479200,495400,898400,748300,445800,245600,482500,136000
11/7/2020,4591100,184700,577900,400800,368100,477700,494100,897500,745900,444400,244300,480100,135500
12/7/2020,4582200,184100,576600,399900,367500,477300,493600,895100,744700,443500,244000,477700,135200
13/7/2020,4546200,182200,570800,396000,364500,473600,489600,889900,739000,440500,242000,471100,133800
14/7/2020,4538300,181800,569900,395200,363700,472800,488800,888500,737800,439800,241400,469900,133500
15/7/2020,4531200,181500,568300,394400,363100,472200,488000,887900,736700,439200,240800,466400,133100
16/7/2020,4520800,180800,566700,393300,362400,470900,487000,886900,734700,438200,240500,464100,132500
17/7/2020,4514600,180300,566200,392600,361800,470600,486000,885800,733800,437600,240200,463500,132300
18/7/2020,4496000,178800,563900,390600,359700,468400,484400,883200,731100,435900,239100,460000,131400
19/7/2020,4483800,178000,562100,389300,358500,466300,483100,882800,729300,434500,238400,457900,131100
20/7/2020,4449700,176000,558900,385400,355300,462900,479500,876500,724200,431000,238000,452000,129400
21/7/2020,4435300,175400,557100,384100,354100,461800,477800,874000,721700,429400,237300,449900,128900
22/7/2020,4427200,175200,556100,383200,353400,461000,477000,872600,720500,428300,236700,448700,128700
23/7/2020,4419600,174800,554900,382600,352800,460300,476300,871300,719100,427500,236400,447400,128100
24/7/2020,4406400,174300,553300,381100,351800,459100,475000,868900,716700,426300,235600,444700,127900
25/7/2020,4383300,173300,549900,378800,349400,456700,472200,866100,713300,423700,234100,440300,126500
26/7/2020,4357200,171900,545700,376300,347400,453700,469800,862500,709600,420400,232600,437200,125800
27/7/2020,4306400,169300,538600,371400,342700,449400,464000,853000,702300,415600,230000,430300,123400
28/7/2020,4294200,168800,537000,370300,341200,448100,462600,851400,700500,414200,229000,428600,122900
29/7/2020,4278400,168100,534800,368700,339700,446200,461000,849500,697700,412400,228200,426200,122200
30/7/2020,4269100,167700,533200,367700,339100,445500,460200,848500,696100,411100,227500,424900,121500
31/7/2020,4234200,166100,528000,364600,336100,442200,456300,841900,691100,407800,224700,421200,119400
1/8/2020,3409400,131100,425000,289000,268700,355000,365500,709600,552800,312800,178400,326800,96100
2/8/2020,3408700,131000,425000,288900,268600,354900,365500,709900,552400,312500,178400,327300,96000
3/8/2020,3405800,130700,424800,288500,268700,355300,364600,709000,551800,312200,176900,326000,95600
4/8/2020,3400800,130500,424100,288100,268400,354800,363800,708200,551100,311800,176600,325100,95600
5/8/2020,3399000,130400,423800,287900,268200,354600,363600,707900,550800,311700,176400,324800,95500
6/8/2020,3397600,130300,423600,287800,268200,354500,363400,707700,550500,311500,176300,324700,95500
7/8/2020,3396300,130300,423600,287600,267800,354500,363300,707300,550300,311500,176200,324800,95400
8/8/2020,3387200,129800,422300,286300,267200,353200,362600,705800,549300,310700,175500,323500,95000
9/8/2020,3382500,129500,421600,285900,266600,352700,362100,705300,548600,310300,174900,323300,94800
10/8/2020,3365100,128400,418600,283800,264800,350700,360600,703000,546800,308500,171400,320900,94100
11/8/2020,3360600,128100,417900,283400,264400,350300,360000,702300,546100,308100,171000,320200,94100
12/8/2020,3359100,128000,417700,283200,264200,350100,359800,702100,545900,307900,170900,319800,94000
13/8/2020,3357000,128000,417400,283000,264100,349900,359500,702000,545500,307700,170800,319400,94000
14/8/2020,3353800,127900,417000,282700,263700,349600,359000,701600,545100,307300,170500,319100,93900
15/8/2020,3343500,127400,415500,281600,262800,348400,357800,699900,543600,306500,169500,317300,93400
16/8/2020,3335400,126900,413900,280800,262200,347300,357000,698900,542400,306000,168800,316200,93100
17/8/2020,3318400,126100,410900,279500,260500,344700,355600,697000,540300,303800,166500,313700,92300
18/8/2020,3313600,126000,410200,278900,260000,344200,355000,696300,539600,303400,166200,313100,92200
19/8/2020,3311300,125900,409800,278600,259800,344100,354700,696000,539300,303100,165900,312800,92100
20/8/2020,3308200,125800,409600,278400,259600,343800,354400,695200,538800,302700,165700,312500,92000
21/8/2020,3298400,125500,408100,277800,259000,342900,353500,692500,537200,302000,165300,311700,91800
22/8/2020,3288600,125000,406400,276400,258400,341800,352600,691200,535800,300900,164200,309800,91300
23/8/2020,3281200,124700,405500,275600,257800,341000,351900,689600,534900,300300,163600,309200,91200
24/8/2020,3261600,123500,403300,273600,256700,339000,350200,685400,531400,298500,162100,306400,90500
25/8/2020,3255300,123300,402400,272800,256200,338400,349700,684600,530400,297600,161800,305700,90300
26/8/2020,3248000,123000,401400,272300,255600,337700,348700,683400,529100,296900,161400,304900,90200
27/8/2020,3243600,122900,400800,271900,255100,337200,348100,682700,528500,296300,161100,304200,89900
28/8/2020,3236300,122400,399600,271500,254500,336700,347400,681100,527300,295900,160700,303300,89400
29/8/2020,3183000,118500,390600,265500,249500,329700,342600,675900,520100,290600,156900,295900,85700
30/8/2020,3168000,117700,388300,263600,248000,327800,341200,674600,518000,288800,155500,294200,85000
31/8/2020,3092700,114100,377400,256000,242300,321400,334100,657200,507600,282600,150800,286900,82500
1/9/2020,2471700,91700,304800,205500,189900,251300,264400,551400,396600,216100,117200,233500,71400
2/9/2020,2471700,91700,304800,205500,189900,251300,264300,551400,396700,216200,117200,233500,71400
3/9/2020,2470100,91600,304700,205400,189800,251200,264000,551100,396500,215900,117100,233200,71400
4/9/2020,2468600,91500,304500,205400,189700,251100,263800,550500,396300,215800,117000,233200,71300
5/9/2020,2465400,91400,304100,205100,189500,250700,263500,549900,396000,215400,116900,233000,71300
6/9/2020,2461800,91300,303600,204800,189200,250400,263200,549000,395500,214800,116500,232700,71200
7/9/2020,2452200,90700,302800,203600,188300,249500,262100,547000,394100,213900,116100,232000,71000
8/9/2020,2447200,90600,302100,203100,187900,249200,261800,545600,393600,213400,115700,231500,70800
9/9/2020,2445700,90500,302000,202900,187700,249000,261700,545300,393500,213200,115600,231300,70700
10/9/2020,2443900,90500,301800,202600,187600,248900,261500,544700,393200,213100,115600,231200,70700
11/9/2020,2441400,90400,301300,202500,187400,248700,261200,544000,392800,213000,115500,231000,70600
12/9/2020,2437200,90200,300500,202000,187000,248300,260900,543400,392200,212700,115300,230500,70500
13/9/2020,2435500,90100,300100,201900,186700,248200,260800,543100,392000,212500,114900,230000,70300
14/9/2020,2419100,89500,298200,200700,185500,246600,259000,539300,389200,211000,114300,227800,69600
15/9/2020,2414700,89400,297700,200100,185200,246200,258500,538300,388600,210600,114100,227300,69500
16/9/2020,2412300,89300,297200,199800,184900,245900,258300,538300,388200,210400,113900,227200,69400
17/9/2020,2410700,89200,297100,199600,184800,245700,258200,538000,387800,210300,113800,227200,69400
18/9/2020,2405600,89100,296300,199200,184600,245300,257700,536500,387100,209800,113500,226700,69400
19/9/2020,2400500,88900,295400,198600,184000,244600,257200,536000,386500,209200,113200,226100,69100
20/9/2020,2398500,88700,295300,198400,183800,244400,256900,535700,386200,209100,112900,225700,69000
21/9/2020,2392200,88800,294900,197900,183000,243900,256500,533300,385200,208700,113000,224700,68800
22/9/2020,2388900,88700,294400,197500,182700,243600,256200,532700,384700,208400,113000,224400,68600
23/9/2020,2386800,88700,294300,197400,182500,243400,255900,532200,384300,208200,112800,224400,68600
24/9/2020,2384300,88600,294000,197200,182300,243200,255700,531700,383600,208000,112900,224200,68500
25/9/2020,2380600,88400,293400,196900,182000,242800,255300,531000,383000,207600,112700,223800,68300
26/9/2020,2363000,87400,290700,195000,180200,240700,253500,529000,380400,205900,111600,221400,67100
27/9/2020,2357000,87100,289700,194100,179600,240000,253000,528400,379600,205400,111100,220600,66800
28/9/2020,2344700,86300,287900,192800,178300,238300,252000,526500,378200,204400,110500,218600,65800
29/9/2020,2334400,85800,286400,191900,177600,237200,251000,524500,376500,203400,109900,217300,65300
30/9/2020,2328900,85700,285600,191400,177300,236600,250500,523100,375800,202800,109600,216500,65100
1/10/2020,2044900,77400,261600,170300,155600,207500,216100,461100,321500,173800,124400,209600,72000
2/10/2020,2045400,77400,261600,170300,155600,207500,216100,461100,321900,173900,124500,209600,72000
3/10/2020,2044300,77400,261400,170200,155600,207400,216100,461000,321500,173800,124600,209500,72000
4/10/2020,2043100,77300,261300,170200,155500,207300,215900,460600,321300,173700,124500,209700,72000
5/10/2020,2049100,77600,262500,170800,156100,208200,216400,460800,321900,174700,125300,210900,72300
6/10/2020,2047800,77500,262300,170700,156000,208000,216300,460500,321800,174600,125200,210700,72300
7/10/2020,2047300,77500,262200,170700,155900,208000,216300,460300,321700,174600,125200,210700,72200
8/10/2020,2047600,77500,262100,170700,155900,208000,216400,460700,321800,174500,125200,210600,72200
9/10/2020,2047000,77500,262100,170600,155900,207900,216300,460600,321600,174500,125200,210700,72200
10/10/2020,2046100,77500,262200,170700,155700,207800,216200,460300,321400,174300,125300,211200,72200
11/10/2020,2045300,77600,262100,170600,155700,207700,216100,460000,321300,174300,125400,211300,72300
12/10/2020,2041200,77400,261900,170100,155500,207200,215800,458900,320600,173900,125900,211700,72800
13/10/2020,2039800,77300,261800,170000,155400,206900,215700,458600,320400,173800,125800,211600,72700
14/10/2020,2039400,77300,262100,170000,155300,206800,215600,458400,320200,173700,125800,211500,72800
15/10/2020,2037700,77200,262200,169800,155200,206600,215400,457900,319900,173600,125700,211400,72700
16/10/2020,2030800,77000,261400,169300,154700,206000,214500,456200,318700,173000,125600,210800,73000
17/10/2020,2028800,76900,261500,169000,154600,205700,214300,455800,318300,172700,126000,210600,72900
18/10/2020,2027400,76900,261500,168900,154400,205500,214100,455500,318100,172500,126100,210400,72900
19/10/2020,2026900,76800,262100,169000,154300,205600,213900,455200,317900,172100,127100,210400,73900
20/10/2020,2024600,76700,262000,168800,154100,205300,213600,454700,317500,171800,127100,210100,73900
21/10/2020,2022300,76600,261600,168600,153900,205100,213400,454300,317100,171500,127100,209800,73900
22/10/2020,2019800,76600,261300,168400,153800,204900,213100,453500,316800,171400,127200,209700,73900
23/10/2020,2018400,76500,261700,168200,153600,204800,213000,452900,316400,171200,127700,209300,74000
24/10/2020,2014100,76300,260700,167900,153200,204400,212700,452300,315800,170800,129600,208800,73900
25/10/2020,2011200,76100,260400,167700,152900,204000,212400,451900,315200,170600,130500,208200,73700
26/10/2020,1976100,74100,256100,164500,149500,200600,208600,445900,310400,166400,129000,204700,73400
27/10/2020,1973000,73900,255400,164200,149300,200100,208300,445500,310000,166100,128700,204400,73200
28/10/2020,1971300,73900,255200,164100,149200,199900,208200,445200,309600,165900,128500,204200,73200
29/10/2020,1965300,73600,254400,163700,148600,199300,207500,444200,308500,165400,128300,203200,73000
30/10/2020,1960100,73300,253600,163300,148300,198800,206900,442900,308000,165000,127900,202400,72500
31/10/2020,1897400,70400,244900,157200,142900,190300,200500,431200,300000,160000,123000,195200,68000
1/11/2020,3037500,122200,391800,271300,240200,292100,324300,600700,490200,304800,147000,227900,82800
2/11/2020,3066200,123200,395400,273600,242600,295100,327100,606900,494400,307900,147700,228700,83200
3/11/2020,3070700,123300,395600,273900,244100,295400,327500,607500,495000,308300,147800,228800,83300
4/11/2020,3081500,123700,397100,274900,244900,296400,328300,609000,497500,309500,148000,229000,83300
5/11/2020,3325800,134100,425400,295700,262500,320400,355800,656300,542000,333600,149400,230500,83500
6/11/2020,3355500,135600,428800,297700,264900,322700,360100,661900,546500,337300,149400,230500,83600
7/11/2020,3369200,136200,430400,299000,266000,325300,362200,662900,548000,339100,149300,230600,83600
8/11/2020,3390900,137300,433400,300700,267400,327500,364300,667100,551200,342000,147200,231000,83700
9/11/2020,3433400,138300,437200,304500,270900,332300,368800,674700,560200,346400,139700,232700,83900
10/11/2020,3436000,138300,437500,304700,271200,332700,369200,675100,560600,346600,137200,232700,83800
11/11/2020,3439000,138400,437800,305000,271500,332900,369500,675600,561200,347100,137000,232800,83900
12/11/2020,3438800,138400,437800,305100,271500,333000,369700,675800,561000,346600,136800,232600,84000
13/11/2020,3434600,138100,437100,304600,271400,332500,369400,674800,560600,346300,136400,232300,83900
14/11/2020,3434300,138100,437000,304700,271400,332500,369400,674500,560500,346300,135800,232200,83900
15/11/2020,3435100,138200,437100,304500,271300,332500,369500,674900,560600,346500,135200,232300,84000
16/11/2020,3430500,138000,436400,304600,271200,332200,369200,673400,559800,345800,134300,233000,83800
17/11/2020,3428700,137900,436200,304400,271200,331900,369000,673200,559300,345600,134200,233000,83800
18/11/2020,3428300,137800,436200,304300,271200,331900,368900,673100,559300,345600,134100,233000,83800
19/11/2020,3427700,137800,436200,304200,271200,331600,368900,673000,559200,345600,134100,233000,83800
20/11/2020,3427100,137800,436000,304200,271100,331700,368700,673100,559000,345500,134000,233700,83900
21/11/2020,3418900,137300,435200,303400,270500,330800,367700,672000,557500,344600,133400,240900,83200
22/11/2020,3413300,137200,434600,302900,269600,330000,367000,671500,556700,343700,133300,242400,83200
23/11/2020,3405000,136800,433400,301700,269000,329000,366300,670500,555200,343100,132300,242700,83200
24/11/2020,3400900,136700,432900,301300,268800,328600,365800,669800,554400,342600,132200,242600,83100
25/11/2020,3396700,136500,432300,300900,268400,328100,365300,669200,553800,342200,132100,242400,82900
26/11/2020,3388000,136200,431100,300100,267600,327200,364300,668000,552400,341100,131700,242200,82600
27/11/2020,3380700,135800,430100,299600,267000,326500,363500,666700,551300,340400,131400,242000,85300
28/11/2020,3347700,133000,424500,295300,263400,322600,360900,663600,547400,337000,129700,238400,83200
29/11/2020,3313700,130800,419600,291500,260200,318800,357500,659800,542800,332800,128400,235800,82100
30/11/2020,3209500,125100,405300,279800,251500,308800,347800,644400,526800,320000,125000,228300,79300
1/12/2020,3225000,132700,406000,279600,260900,315100,351900,637300,530000,311500,150300,280200,98200
2/12/2020,3222700,132500,405300,279100,261000,314900,351800,637300,529800,310900,150300,280400,98200
3/12/2020,3211500,131900,403700,277700,260200,313700,350800,636100,528300,309000,150300,280500,98200
4/12/2020,3208100,131800,403300,277700,260100,313600,350000,635800,527600,308100,150400,280500,98200
5/12/2020,3206400,131900,403400,277500,259900,313600,349600,635600,527200,307600,150700,280600,98200
6/12/2020,3202700,131900,402900,277200,259800,313300,349400,635100,526500,306600,150800,281200,98100
7/12/2020,3196000,131700,401600,276600,259600,313200,348800,634100,525300,305200,151500,280100,96800
8/12/2020,3191200,131600,400500,276100,259300,312600,348300,633500,524800,304500,151700,279900,96500
9/12/2020,3189800,131500,400400,276000,259200,312500,348100,633200,524600,304300,151800,279600,96300
10/12/2020,3188900,131400,400300,275800,259200,312400,348000,633000,524500,304200,151900,279500,96000
11/12/2020,3187200,131400,400100,275700,259100,312300,347700,632700,524100,304100,152000,279000,95000
12/12/2020,3187800,131400,400300,275700,259300,312700,347600,632700,524000,304100,152300,277100,94800
13/12/2020,3185900,131200,399900,275500,259100,312600,347500,632200,523800,303900,152300,277000,94500
14/12/2020,3192300,131100,400500,275200,259200,312900,348500,634900,525400,304500,153200,276100,93600
15/12/2020,3190300,131100,400000,274800,259100,312800,348400,634800,525100,304100,153600,276300,93400
16/12/2020,3192700,131000,400000,274800,259100,312700,349000,636800,525300,304000,154400,276300,93300
17/12/2020,3194700,131000,400000,274700,259100,312700,349400,638300,525600,303900,155100,276400,93400
18/12/2020,3195900,131100,400200,274900,259100,312800,349500,638500,526000,303900,155300,276500,93400
19/12/2020,3204900,131600,400600,275800,261400,313400,350200,640500,527500,303900,155300,276700,93200
20/12/2020,3231200,131600,401900,275700,261600,313400,354200,653900,534200,304700,159200,277200,93500
21/12/2020,3256100,132100,404000,276600,261900,314900,357400,662900,540400,305900,162000,278300,95600
22/12/2020,3260900,132000,404000,276400,261600,314900,358700,666000,541700,305500,162800,278400,95700
23/12/2020,3264400,132200,403800,276700,261800,314800,359400,667700,542700,305400,162900,278600,95800
24/12/2020,3265300,132300,403300,276600,262100,314600,359700,667700,543100,305700,163100,279000,95600
25/12/2020,3266000,131400,403100,276500,261400,313700,361200,667700,545700,305400,163200,285300,96700
26/12/2020,3255700,130400,400700,274700,259600,311200,362300,666100,546800,303900,162200,291300,97200
27/12/2020,3253700,130000,400400,274100,259100,310600,362200,666200,547400,303800,162100,293000,97700
28/12/2020,3242500,129000,398700,272600,258200,309700,360900,663700,546400,303300,161500,293600,98200
29/12/2020,3225800,127900,396300,271100,256500,307400,359500,662000,543900,301300,160500,292000,97700
30/12/2020,3215900,127400,394400,270100,255700,306400,358400,660200,542700,300600,160200,291100,97400
31/12/2020,3186200,126300,390100,267500,253300,303400,354900,654100,538500,298000,158700,288900,96500
1/1/2021,3914500,159400,495500,335600,314900,384700,433600,740200,656900,393800,187900,384300,116900
2/1/2021,3919500,159400,496300,336200,315400,385300,434000,740800,657400,394700,188000,384500,116900
3/1/2021,3923100,159600,496300,336800,315900,385800,434400,741100,658000,395000,188100,384800,117200
4/1/2021,3967100,162200,502300,340800,319100,391200,438700,747500,664500,400800,190500,388300,117500
5/1/2021,3988000,162700,505000,346500,320100,393400,440000,748400,665700,406000,190600,389400,117400
6/1/2021,3999800,162900,506600,349300,320500,394800,441100,748900,667100,408700,191100,389700,117400
7/1/2021,4004100,163100,506900,349800,320800,395100,441600,749500,668100,409200,191200,390000,117500
8/1/2021,4004200,163200,506700,349900,320600,394700,441700,749300,668600,409400,191100,390200,117500
9/1/2021,4004900,163300,506700,350100,320300,394800,441800,749400,668700,409900,191000,390100,117500
10/1/2021,4006900,163500,506700,350400,320400,395000,442000,749700,669200,410000,191100,390400,117600
11/1/2021,4022500,164300,508700,352000,321900,396300,444300,751700,671600,411600,191900,391000,117700
12/1/2021,4023200,164300,508600,352000,322000,396400,444500,751900,671900,411700,191900,390800,117700
13/1/2021,4024900,164400,509000,352200,322100,396500,444600,752100,672300,411800,191900,390900,117700
14/1/2021,4026000,164400,509100,352300,322100,396600,444900,752200,672500,412000,191900,391000,117700
15/1/2021,4025300,164500,508800,352400,322200,396700,444800,751800,672300,411900,191900,391000,117700
16/1/2021,4022100,164300,508300,351800,322000,396400,444400,751700,671700,411500,191600,390300,117700
17/1/2021,4022900,164400,508400,352000,321800,396400,444400,751700,671800,411900,191800,391900,117700
18/1/2021,4030000,164800,510000,352800,322600,397000,445000,752700,672600,412500,191900,393100,117300
19/1/2021,4029900,164700,510100,352900,322600,396900,445100,752600,672500,412500,191900,393400,117300
20/1/2021,4030000,164800,510100,352900,322500,397000,445100,752700,672600,412400,191900,393300,117200
21/1/2021,4028100,164700,510000,352700,322300,397000,444800,752300,672100,412200,191800,393100,117200
22/1/2021,4026300,164700,509700,352500,322200,396900,444600,751900,671900,411900,191700,392900,117200
23/1/2021,4020500,164400,509000,351800,321500,396400,444100,751200,671100,411000,191400,392100,117000
24/1/2021,4018900,164200,509200,351700,321500,396200,443900,750800,670800,410700,191500,391800,116900
25/1/2021,4012800,164100,508400,351300,320900,395100,442900,750000,670100,410000,191500,391100,116800
26/1/2021,4005300,163700,507500,350500,320200,394200,442000,749000,669000,409200,191100,390500,116600
27/1/2021,4002000,163500,507100,350200,319700,393800,441500,748700,668600,408900,190900,390200,116500
28/1/2021,3999500,163400,506500,349900,319600,393500,441400,748400,668200,408600,190900,389800,116400
29/1/2021,3981100,162300,504000,348400,317600,391200,439800,746000,665500,406400,189900,387700,115400
30/1/2021,3921100,157900,494700,341000,311600,383600,433800,740300,658100,400200,186000,376800,110700
31/1/2021,3886900,156000,489600,337000,308300,380300,430300,735600,653200,396600,183400,373000,109000
1/2/2021,3954100,160800,498700,348700,316200,384800,439000,739600,661800,404400,186400,390200,114800
2/2/2021,3954900,160900,498800,348800,316300,384800,439100,739800,662000,404400,186400,390200,114800
3/2/2021,3955200,160900,498800,348800,316400,384700,439100,740000,662000,404400,186400,390200,114800
4/2/2021,3956300,160800,498900,348900,316400,384700,439300,740600,662200,404400,186400,390200,114800
5/2/2021,3957500,160900,499000,349200,316500,384800,439700,740800,662300,404400,186400,390200,114800
6/2/2021,3957600,160900,499100,349100,316500,384800,439700,740800,662300,404500,186400,390200,114700
7/2/2021,3958200,160900,499300,349300,316600,384800,439800,740900,662300,404300,186400,390300,114700
8/2/2021,3957800,161100,499300,349300,316600,384700,439900,740400,662300,404300,186300,390500,115300
9/2/2021,3957100,161100,499200,349300,316500,384700,439800,740300,662200,404200,186300,390600,115200
10/2/2021,3956900,161000,499200,349200,316500,384700,439700,740200,662200,404200,186200,390500,115200
11/2/2021,3956700,161000,499100,349200,316600,384600,439700,740200,662100,404100,186200,390400,115200
12/2/2021,3955500,161000,498900,349300,316600,384500,439600,739800,661900,404100,186200,390300,115200
13/2/2021,3952800,160800,498100,349100,316400,384100,439400,739700,661400,403700,186000,389800,115000
14/2/2021,3952000,160800,498100,349000,316300,384100,439300,739600,661300,403600,186000,389700,114900
15/2/2021,3944200,160400,496700,348500,315700,383200,438100,738400,660400,402800,185600,388000,115400
16/2/2021,3941800,160300,496400,348200,315500,382900,437900,738300,659900,402500,185500,387700,115400
17/2/2021,3940600,160200,496300,348000,315300,382800,437800,738100,659700,402400,185500,387600,114800
18/2/2021,3939500,160200,496200,347900,315300,382700,437700,738000,659200,402300,185400,387600,114800
19/2/2021,3939200,160200,496300,347800,315300,382900,437600,737800,659000,402300,185400,387500,114700
20/2/2021,3935200,159900,496000,347300,314800,382600,437000,737300,658400,402000,185100,386700,114600
21/2/2021,3930800,159800,495300,346900,314400,382200,436500,736500,657600,401600,185000,386200,114500
22/2/2021,3893400,157900,490300,343100,311400,378200,432500,731200,652300,396600,182800,381300,114400
23/2/2021,3889600,157800,489900,342900,311100,377800,432000,730600,651400,396000,182500,380700,114200
24/2/2021,3886400,157600,489500,342700,310900,377400,431600,729800,651000,395900,182400,380500,114100
25/2/2021,3882300,157400,489000,342400,310400,377000,431100,729400,650200,395300,182300,380200,113800
26/2/2021,3873700,157000,487600,341700,309400,376100,430100,728200,649000,394500,181800,379200,113300
27/2/2021,3822400,153500,479500,335300,304200,369400,424900,723600,642400,389500,178700,370800,109700
28/2/2021,3803700,152400,475600,333400,302300,367300,423300,722000,640100,387300,177400,368400,108600
1/3/2021,3685700,152200,469400,327700,293000,355700,404600,698400,610400,374200,174000,354400,109800
2/3/2021,3686200,152300,469500,327700,293000,355800,404700,698400,610600,374300,174000,354100,109700
3/3/2021,3686000,152400,469500,327800,293000,355700,404700,698300,610500,374100,174100,354200,109700
4/3/2021,3684400,152400,469500,327700,292900,355600,404500,698100,610000,373800,174100,354200,109700
5/3/2021,3683100,152300,469400,327800,292800,355500,404200,698000,609700,373500,174100,354200,109900
6/3/2021,3679800,152300,468800,327100,292500,355200,403800,697800,609200,373100,174100,354100,109800
7/3/2021,3678500,152200,468400,326800,292500,355400,403600,697900,608700,372900,174100,354400,109800
8/3/2021,3654700,150900,465500,324900,290500,352900,400800,694200,605000,370100,173700,354400,109700
9/3/2021,3650200,150900,465000,324600,290200,352700,399700,693400,604200,369600,173600,354300,109700
10/3/2021,3648800,150800,464800,324500,290100,352600,399500,693300,603900,369400,173400,354200,109800
11/3/2021,3647900,150700,464700,324500,290000,352500,399300,693200,603800,369300,173400,354100,109600
12/3/2021,3645300,150600,464200,324300,289800,351900,399100,692600,603600,369200,173400,354000,109600
13/3/2021,3642700,150400,463900,323900,289600,351800,398800,692400,603100,368800,173100,353700,109600
14/3/2021,3641800,150300,463700,323800,289400,351600,398800,692300,603000,368800,172900,353200,109500
15/3/2021,3632700,149900,462600,323100,288700,351000,397700,690300,601600,368000,171600,351500,109200
16/3/2021,3628500,149700,462000,322800,288300,350500,397200,689800,600900,367400,171200,351100,109200
17/3/2021,3627300,149700,461900,322600,288100,350400,397100,689600,600700,367300,171100,350900,109200
18/3/2021,3626400,149700,461800,322400,288000,350300,397000,689500,600600,367200,171100,350800,109100
19/3/2021,3624700,149600,461600,322300,287800,350200,396700,689100,600300,367000,171000,350600,109100
20/3/2021,3619900,149300,460700,321700,287300,349700,396400,688700,599600,366600,170800,350000,108900
21/3/2021,3616500,149200,460400,321100,287000,349400,395900,688300,599100,366200,170500,350200,108900
22/3/2021,3609700,149100,459400,320500,286300,348800,395400,687200,597900,365200,170100,348700,108500
23/3/2021,3607300,148900,459200,320200,286100,348600,395200,686800,597400,364900,169900,348700,108600
24/3/2021,3605000,148900,458900,320000,286000,348400,394900,686200,597000,364700,169800,348600,108600
25/3/2021,3602300,148700,458600,319700,285600,348200,394600,685900,596600,364400,169700,348400,108500
26/3/2021,3596600,148500,457800,319300,285200,347300,393900,685400,595400,363800,169300,347800,108100
27/3/2021,3574800,146800,454600,316800,282700,344400,391600,683600,592900,361500,167800,344700,106700
28/3/2021,3561900,146000,452200,315300,281500,342700,390200,682300,591300,360300,166900,343100,105900
29/3/2021,3507200,143200,445100,309600,276100,336700,384400,675400,582600,354000,164800,335700,103300
30/3/2021,3496300,142600,443300,308600,274900,335700,383200,674200,581000,352700,164300,334600,102900
31/3/2021,3479600,141800,440900,307100,273500,334300,381400,670700,578500,351400,163400,333400,102200
1/4/2021,3087000,132400,394200,273000,242500,301000,331300,604100,503200,305100,145900,309800,100600
2/4/2021,3088500,132500,394500,273400,242800,301300,331300,604300,503400,305200,145900,310000,100700
3/4/2021,3087100,132400,394300,273200,242700,301200,331200,603800,503300,305200,145700,309600,100700
4/4/2021,3083500,132200,394000,272900,242400,300900,330700,603100,502400,304900,145600,309400,100700
5/4/2021,3104700,133500,396600,275000,244400,303500,332900,605800,505200,307800,147300,310800,100900
6/4/2021,3098500,133000,396100,274600,244000,303000,332200,604400,504200,307000,146800,310200,100900
7/4/2021,3092700,132800,395500,274100,243600,302600,331600,603200,502900,306400,146600,310000,100900
8/4/2021,3085400,132500,394600,273500,243000,301900,330800,601700,501700,305700,146000,309400,100800
9/4/2021,3081300,132300,394100,273100,242500,301600,330100,601100,501100,305300,145900,309300,100700
10/4/2021,3073800,131700,392800,272300,241800,300900,329400,600300,500100,304500,145600,308800,100500
11/4/2021,3056400,130600,389500,270600,240300,299200,327700,598400,497700,302500,144900,308300,100400
12/4/2021,2960100,125200,375700,260800,232700,290300,318200,583100,482000,292100,142000,306900,99800
13/4/2021,2944800,124500,373700,259300,231400,288600,316300,581100,479400,290400,141400,306800,99500
14/4/2021,2941700,124300,373200,259000,231100,288400,315900,580700,478900,290200,141300,306700,99500
15/4/2021,2933500,124000,372300,258200,230400,287500,315300,579200,477300,289200,141000,306200,99300
16/4/2021,2927100,123700,371400,257600,229900,286900,314600,578300,476300,288300,140800,305800,99300
17/4/2021,2919000,123100,370100,256500,229200,286200,313900,577500,474900,287500,140500,305200,99100
18/4/2021,2915100,122900,369500,256100,228900,285800,313500,577100,474400,287000,140300,304800,99000
19/4/2021,2899000,122000,367200,254800,227300,284300,311900,574500,471600,285400,139800,301900,98300
20/4/2021,2895800,121800,366700,254500,227000,284000,311600,574000,471200,285000,139700,301500,98200
21/4/2021,2891400,121700,366200,254200,226600,283700,311100,572900,470500,284500,139600,300800,98100
22/4/2021,2887000,121600,365600,253700,226200,283300,310500,572300,469900,283800,139400,300200,98000
23/4/2021,2878300,121100,364600,253000,225500,282400,309500,570800,468400,282900,139000,298800,97500
24/4/2021,2872400,120700,364000,252300,224800,281700,308900,570200,467600,282300,138300,297000,96800
25/4/2021,2867500,120400,363000,251900,224300,281100,308300,569600,466900,281900,138000,294700,96300
26/4/2021,2849100,119700,361100,249700,222300,279500,306200,566700,464100,279800,136200,280600,95200
27/4/2021,2844900,119400,360500,249400,222000,279000,305700,566200,463300,279300,135900,279200,94900
28/4/2021,2842100,119300,360100,249200,221800,278700,305400,565900,462800,278900,135700,278900,94800
29/4/2021,2831000,118700,358600,248200,220200,277500,304400,564300,461300,277800,135200,277000,94100
30/4/2021,2823000,118400,357600,247200,219400,276500,303600,563200,460300,276900,134700,275700,92900
1/5/2021,2209100,91500,283500,192900,172600,218700,235400,455400,352900,206100,102300,197500,71400
2/5/2021,2210500,91500,284300,193000,172700,218600,235500,455400,353100,206300,102300,197400,71400
3/5/2021,2237300,93000,288300,195500,175400,221600,238400,459200,356600,209300,103800,199600,71700
4/5/2021,2237700,93000,288800,195400,175500,221700,238300,459000,356700,209200,103700,199500,71600
5/5/2021,2237200,93100,288700,195400,175500,221600,238200,459000,356600,209100,103700,199400,71600
6/5/2021,2236900,93100,288600,195400,175500,221500,238200,458900,356500,209100,103600,199300,71600
7/5/2021,2235800,93200,288500,195300,175500,221600,238000,458600,356300,208900,103600,199200,71500
8/5/2021,2233000,92900,288200,195000,175400,221300,237800,457900,355800,208700,103400,198500,71400
9/5/2021,2230700,92900,287200,194800,175200,221300,237700,457700,355700,208300,103300,198300,71300
10/5/2021,2221700,93800,285500,193500,174600,220300,236800,455300,354500,207400,102600,197400,70800
11/5/2021,2219100,93700,285100,193300,174400,220000,236500,454900,354100,207000,102500,197100,70800
12/5/2021,2217600,93600,285000,193300,174200,219800,236400,454600,353900,206800,102500,197100,70700
13/5/2021,2216300,93600,284800,193100,174100,219700,236200,454300,353800,206700,102400,197100,70700
14/5/2021,2213000,93700,284500,192800,173800,219600,235600,453600,353300,206100,102100,196800,70700
15/5/2021,2203200,93100,283000,191600,173200,218300,234900,452200,352000,205000,101400,196000,70500
16/5/2021,2188800,92200,280400,190100,171900,216600,233800,450500,350000,203200,100800,194800,70300
17/5/2021,2134000,89400,271500,183000,167900,212200,228600,442000,341800,197500,98100,192000,69900
18/5/2021,2123200,88900,270100,181900,167000,210900,227500,440700,340100,196100,97700,191500,69900
19/5/2021,2120900,88900,269800,181700,166800,210700,227100,440400,339700,195800,97600,191400,69900
20/5/2021,2118800,88800,269400,181600,166600,210500,226800,440300,339400,195500,97500,191200,69800
21/5/2021,2114400,88700,268700,181000,166200,210200,226300,439500,338800,195000,97300,190900,69700
22/5/2021,2103300,87900,266900,179800,165000,209200,225300,438400,337400,193500,96700,190100,69200
23/5/2021,2097900,87600,265900,179100,164500,208800,224900,438000,336500,192600,96500,189600,68800
24/5/2021,2068400,86200,261600,176200,162100,206000,221400,433700,332200,188900,94600,185800,65000
25/5/2021,2065200,86000,261100,175900,161900,205700,221100,433100,331800,188500,94500,185600,64600
26/5/2021,2062000,85900,260700,175700,161600,205400,220700,432600,331200,188100,94300,185400,64400
27/5/2021,2061300,85800,260400,175500,161500,206400,220500,432300,331000,187900,94200,185000,64200
28/5/2021,2058400,85700,260000,175300,161300,206200,220100,431800,330600,187500,94000,184700,63700
29/5/2021,2031800,83800,255500,172300,157800,202700,218100,429200,327400,185100,92100,180300,61300
30/5/2021,2022400,83100,254200,171000,156000,201700,217300,428200,326500,184400,91500,179300,60800
31/5/2021,1963100,80500,245100,164500,150300,194800,211500,419300,317900,179200,88500,173100,58600
